bank_number_key,title_en,title_fr,bank_number_en,bank_number_fr,description_en,description_fr,class_of_individuals_en,class_of_individuals_fr,note_en,note_fr,social_insurance_number_en,social_insurance_number_fr,purpose_en,purpose_fr,consistent_uses_en,consistent_uses_fr,retention_and_disposal_standards_en,retention_and_disposal_standards_fr,rda_number_en,rda_number_fr,related_record_number_en,related_record_number_fr,last_updated_en,last_updated_fr,tbs_registration_en,tbs_registration_fr
CRTC PPU 065,REGULATION AND SUPERVISION OF THE CANADIAN BROADCASTING INDUSTRY,RÉGLEMENTATION ET SURVEILLANCE DE L'INDUSTRIE CANADIENNE DE LA RADIODIFFUSION,CRTC PPU 065,CRTC PPU 065,"The Master Address Database (MAD) is an internal, computerized contact list and address book. The database contains the contact and address information for organizations and individuals with which the Commission conducts its business. The Master Address Database stores information in a standardized and consistent manner to ensure data integrity and to reduce the effort to maintain client information in different areas within the Commission. The personal information collected includes the individual's name, title, mailing address, alternative addresses, telephone number, fax number, e-mail address, Canadian citizenship and company contact name.","la base de données MAD, aussi appelée ""Système des noms"", est le principal outil informatisé dont le Conseil dispose pour répertorier le nom et l’adresse des personnes et organismes avec lesquels il fait affaire. Cette base de données maîtresse enregistre tous les renseignements selon une méthode normalisée, ce qui assure l'intégrité des données et simplifie la tenue à jour des renseignements sur les clients dans les différents secteurs du Conseil. Les renseignements personnels qui y sont recueillis comprennent entre autres le nom de la personne ou de l'organisme, son titre (le cas échéant), l'adresse postale, les autres adresses, le numéro de téléphone, le numéro de télécopieur, l'adresse électronique, la confirmation de la citoyenneté canadienne et le nom du contact de la société.",Members of the public and individuals representing organizations with which the Commission conducts business.,membres du public et individus représentant les organismes avec lesquels le Conseil fait affaire.,,,,,The MAD application is used within the Commission to capture and manage the contact information relating to those organizations and individuals with which the Commission interacts.,le Conseil utilise la base de données MAD pour répertorier et tenir à jour les renseignements sur les organismes et les personnes avec lesquels il fait affaire.,None.,aucun,Under review.,révision en cours,2002/002,2002/002,"CRTC APP 085, CRTC PGM 180, CRTC CCM 100, CRTC CIN 220, CRTC OWN 025, CRTC APP 085-1, CRTC 100-1, CRTC CIN 220-1","CRTC APP 085, CRTC PGM 180, CRTC CCM 100, CRTC CIN 220, CRTC OWN 025, CRTC APP 085-1, CRTC 100-1, CRTC CIN 220-1",,,006209,006209
CRTC PPU 065,Master Address Database (MAD),,CRTC PPU 065,CRTC PPU 065,"The Master Address Database (MAD) is an internal, computerized contact list and address book. The database contains the contact and address information for organizations and individuals with which the Commission conducts its business. The Master Address Database stores information in a standardized and consistent manner to ensure data integrity and to reduce the effort to maintain client information in different areas within the Commission. The personal information collected includes the individual's name, title, mailing address, alternative addresses, telephone number, fax number, e-mail address, Canadian citizenship and company contact name.","la base de données MAD, aussi appelée ""Système des noms"", est le principal outil informatisé dont le Conseil dispose pour répertorier le nom et l’adresse des personnes et organismes avec lesquels il fait affaire. Cette base de données maîtresse enregistre tous les renseignements selon une méthode normalisée, ce qui assure l'intégrité des données et simplifie la tenue à jour des renseignements sur les clients dans les différents secteurs du Conseil. Les renseignements personnels qui y sont recueillis comprennent entre autres le nom de la personne ou de l'organisme, son titre (le cas échéant), l'adresse postale, les autres adresses, le numéro de téléphone, le numéro de télécopieur, l'adresse électronique, la confirmation de la citoyenneté canadienne et le nom du contact de la société.",Members of the public and individuals representing organizations with which the Commission conducts business.,membres du public et individus représentant les organismes avec lesquels le Conseil fait affaire.,,,,,The MAD application is used within the Commission to capture and manage the contact information relating to those organizations and individuals with which the Commission interacts.,le Conseil utilise la base de données MAD pour répertorier et tenir à jour les renseignements sur les organismes et les personnes avec lesquels il fait affaire.,None.,aucun,Under review.,révision en cours,2002/002,2002/002,"CRTC APP 085, CRTC PGM 180, CRTC CCM 100, CRTC CIN 220, CRTC OWN 025, CRTC APP 085-1, CRTC 100-1, CRTC CIN 220-1","CRTC APP 085, CRTC PGM 180, CRTC CCM 100, CRTC CIN 220, CRTC OWN 025, CRTC APP 085-1, CRTC 100-1, CRTC CIN 220-1",,,006209,006209
CRTC PPU 065,Ownership System,Système de renseignements sur la propriété,CRTC PPU 065,CRTC PPU 065,"The Master Address Database (MAD) is an internal, computerized contact list and address book. The database contains the contact and address information for organizations and individuals with which the Commission conducts its business. The Master Address Database stores information in a standardized and consistent manner to ensure data integrity and to reduce the effort to maintain client information in different areas within the Commission. The personal information collected includes the individual's name, title, mailing address, alternative addresses, telephone number, fax number, e-mail address, Canadian citizenship and company contact name.","la base de données MAD, aussi appelée ""Système des noms"", est le principal outil informatisé dont le Conseil dispose pour répertorier le nom et l’adresse des personnes et organismes avec lesquels il fait affaire. Cette base de données maîtresse enregistre tous les renseignements selon une méthode normalisée, ce qui assure l'intégrité des données et simplifie la tenue à jour des renseignements sur les clients dans les différents secteurs du Conseil. Les renseignements personnels qui y sont recueillis comprennent entre autres le nom de la personne ou de l'organisme, son titre (le cas échéant), l'adresse postale, les autres adresses, le numéro de téléphone, le numéro de télécopieur, l'adresse électronique, la confirmation de la citoyenneté canadienne et le nom du contact de la société.",Members of the public and individuals representing organizations with which the Commission conducts business.,membres du public et individus représentant les organismes avec lesquels le Conseil fait affaire.,,,,,The MAD application is used within the Commission to capture and manage the contact information relating to those organizations and individuals with which the Commission interacts.,le Conseil utilise la base de données MAD pour répertorier et tenir à jour les renseignements sur les organismes et les personnes avec lesquels il fait affaire.,None.,aucun,Under review.,révision en cours,2002/002,2002/002,"CRTC APP 085, CRTC PGM 180, CRTC CCM 100, CRTC CIN 220, CRTC OWN 025, CRTC APP 085-1, CRTC 100-1, CRTC CIN 220-1","CRTC APP 085, CRTC PGM 180, CRTC CCM 100, CRTC CIN 220, CRTC OWN 025, CRTC APP 085-1, CRTC 100-1, CRTC CIN 220-1",,,006209,006209
CRTC PPU 065,Interventions - Broadcasting and Telecommunications,Interventions - Radiodiffusion et télécommunications,CRTC PPU 065,CRTC PPU 065,"The Master Address Database (MAD) is an internal, computerized contact list and address book. The database contains the contact and address information for organizations and individuals with which the Commission conducts its business. The Master Address Database stores information in a standardized and consistent manner to ensure data integrity and to reduce the effort to maintain client information in different areas within the Commission. The personal information collected includes the individual's name, title, mailing address, alternative addresses, telephone number, fax number, e-mail address, Canadian citizenship and company contact name.","la base de données MAD, aussi appelée ""Système des noms"", est le principal outil informatisé dont le Conseil dispose pour répertorier le nom et l’adresse des personnes et organismes avec lesquels il fait affaire. Cette base de données maîtresse enregistre tous les renseignements selon une méthode normalisée, ce qui assure l'intégrité des données et simplifie la tenue à jour des renseignements sur les clients dans les différents secteurs du Conseil. Les renseignements personnels qui y sont recueillis comprennent entre autres le nom de la personne ou de l'organisme, son titre (le cas échéant), l'adresse postale, les autres adresses, le numéro de téléphone, le numéro de télécopieur, l'adresse électronique, la confirmation de la citoyenneté canadienne et le nom du contact de la société.",Members of the public and individuals representing organizations with which the Commission conducts business.,membres du public et individus représentant les organismes avec lesquels le Conseil fait affaire.,,,,,The MAD application is used within the Commission to capture and manage the contact information relating to those organizations and individuals with which the Commission interacts.,le Conseil utilise la base de données MAD pour répertorier et tenir à jour les renseignements sur les organismes et les personnes avec lesquels il fait affaire.,None.,aucun,Under review.,révision en cours,2002/002,2002/002,"CRTC APP 085, CRTC PGM 180, CRTC CCM 100, CRTC CIN 220, CRTC OWN 025, CRTC APP 085-1, CRTC 100-1, CRTC CIN 220-1","CRTC APP 085, CRTC PGM 180, CRTC CCM 100, CRTC CIN 220, CRTC OWN 025, CRTC APP 085-1, CRTC 100-1, CRTC CIN 220-1",,,006209,006209
CRTC PPU 035,Broadcasting - Licensing,Radiodiffusion – Attribution de licences,CRTC PPU 035,CRTC PPU 035,"This bank contains information on the identification of applicants for broadcasting licences; investment (equity and/or securities) held by an applicant in a broadcasting undertaking and any other holdings; and explanations of the organization, service information, capital costs and facilities, and financial operations information.","ce fichier contient des renseignements sur les demandeurs qui soumettent des demandes de licences de radiodiffusion, leurs investissements (actions ou titres) dans une entreprise de radiodiffusion ou tout autre avoir, ainsi que des renseignements sur l'organisation, le service offert, le coût en capital et les installations et les opérations financières.",Members of the public who are part of an application filed for a broadcasting licence.,Les particuliers qui soumettent une demande de licence de radiodiffusion.,,,,,"To provide information on individuals and/or companies, partnerships, and individuals doing business under a registered name, relative to obtaining, renewing and amending a licence for a broadcasting undertaking in order to process the application.","fournir des renseignements sur les particuliers et/ou les entreprises, les partenariats et les particuliers faisant affaires sous un nom enregistré qui cherchent à obtenir, à faire renouveler ou à modifier une licence d'exploitation d'une entreprise de radiodiffusion afin que les demandes soient traitées.",None.,a ucun,Records are retained for 10 years and then destroyed.,"les dossiers sont conservés pendant 10 ans, puis détruits.",2002/002,2002/002,CRTC BRO 185,CRTC BRO 185,,,003718,003718
CRTC PPU 020,Broadcast Correspondence Files,,CRTC PPU 020,CRTC PPU 020,"This bank contains comments, inquiries and complaints covering a wide range of topics related to the Broadcasting Act and regulations under the Act.","ce fichier contient les observations, les demandes de renseignements et les plaintes portant sur une vaste gamme de sujets dont la plupart sont liées à la *Loi sur la radiodiffusion* et à ses règlements.","Members of the general public who wish to submit complaints, comments and/or enquiries to the Commission and broadcasting licensees.","les particuliers qui présentent une plainte, des observations et/ou des demandes de renseignements au Conseil et les titulaires de licences de radiodiffusion.",,,,,"The purpose of this bank is to maintain a record of correspondence with licensees, including radio, television, cable, specialty services and pay television concerning programming matters such as logs, tape recordings of programs, commercials and Canadian content issues.","tenir un registre de toute correspondance avec les titulaires de licences de radio, de télévision, de télévision par câble, des services spécialisés et de la télévision payante en ce qui concerne les questions de programmation comme les registres des émissions, les enregistrements des émissions, les messages publicitaires, le contenu canadien.",None.,aucun,Records are retained for 10 years and then destroyed.,"les dossiers sont conservés pendant 10 ans, puis détruits.",2002/002,2002/002,"CRTC BRO 185, CRTC PGM 180, CRTC CIN 220","CRTC BRO 185, CRTC PGM 180, CRTC CIN 220",,,003723,003723
CRTC PPU 020,Canadian Program Certification,Certification des émissions canadiennes,CRTC PPU 020,CRTC PPU 020,"This bank contains comments, inquiries and complaints covering a wide range of topics related to the Broadcasting Act and regulations under the Act.","ce fichier contient les observations, les demandes de renseignements et les plaintes portant sur une vaste gamme de sujets dont la plupart sont liées à la *Loi sur la radiodiffusion* et à ses règlements.","Members of the general public who wish to submit complaints, comments and/or enquiries to the Commission, producers and broadcasting licensees.","les particuliers qui présentent une plainte, des observations et/ou des demandes de renseignements au Conseil et les titulaires de licences de radiodiffusion.",,,,,"The purpose of this bank is to maintain a record of correspondence with licensees, including radio, television, specialty services and pay television concerning programming matters such as logs, tape recordings of programs, commercials and Canadian content issues.","tenir un registre de toute correspondance avec les titulaires de licences de radio, de télévision, de télévision par câble, des services spécialisés et de la télévision payante en ce qui concerne les questions de programmation comme les registres des émissions, les enregistrements des émissions, les messages publicitaires, le contenu canadien.",None.,aucun,Records are retained for 10 years and then destroyed.,"les dossiers sont conservés pendant 10 ans, puis détruits.",2002/002,2002/002,"CRTC BRO 185, CRTC PGM 180, CRTC CIN 220","CRTC BRO 185, CRTC PGM 180, CRTC CIN 220",,,003723,003723
CRTC PPU 020,Interventions - Broadcasting and Telecommunications,Interventions - Radiodiffusion et télécommunications,CRTC PPU 020,CRTC PPU 020,"This bank contains comments, inquiries and complaints covering a wide range of topics related to the Broadcasting Act and regulations under the Act.","ce fichier contient les observations, les demandes de renseignements et les plaintes portant sur une vaste gamme de sujets dont la plupart sont liées à la *Loi sur la radiodiffusion* et à ses règlements.","Members of the general public who wish to submit complaints, comments and/or enquiries to the Commission and broadcasting licensees.","les particuliers qui présentent une plainte, des observations et/ou des demandes de renseignements au Conseil et les titulaires de licences de radiodiffusion.",,,,,"The purpose of this bank is to maintain a record of correspondence with licensees, including radio, television, cable, specialty services and pay television concerning programming matters such as logs, tape recordings of programs, commercials and Canadian content issues.","tenir un registre de toute correspondance avec les titulaires de licences de radio, de télévision, de télévision par câble, des services spécialisés et de la télévision payante en ce qui concerne les questions de programmation comme les registres des émissions, les enregistrements des émissions, les messages publicitaires, le contenu canadien.",None.,aucun,Records are retained for 10 years and then destroyed.,"les dossiers sont conservés pendant 10 ans, puis détruits.",2002/002,2002/002,"CRTC BRO 185, CRTC PGM 180, CRTC CIN 220","CRTC BRO 185, CRTC PGM 180, CRTC CIN 220",,,003723,003723
CRTC PPU 005,Correspondence - Broadcasting and Telecommunications,Correspondance – Radiodiffusion et télécommunications,CRTC PPU 005,CRTC PPU 005,"This bank contains the name, address, as well as other personal details provided, of the person or agent, if any, lodging a complaint or wishing to make a representation to the Commission on any matter within its jurisdiction, as well as details on the nature of the complaint or representation.","ce fichier contient le nom et l'adresse, de même que d'autres détails personnels fournis, de la personne ou de son mandataire, le cas échéant, qui a déposé une plainte ou désire présenter des observations au Conseil concernant des questions qui relèvent de sa compétence, ainsi que des détails sur la nature de la plainte ou des observations.",Members of the public who file a complaint or make inquiries to the Commission and broadcasting licensees.,les particuliers qui présentent une plainte ou demandent des renseignements au Conseil et les titulaires de licences de radiodiffusion.,,,,,"To maintain a record of any person who wishes to lodge a complaint with, or make any representation to, the Commission with respect to any matter that is not directed to any current Commission proceeding. Copies of the complaints directed to a broadcaster are placed on a file available for examination by the public.",Tenir un registre de toute personne qui désire déposer une plainte ou présenter des observations au Conseil concernant une question qui ne fait pas l’objet d’une instance publique en cours du Conseil. Une copie des plaintes à l’endroit des radiodiffuseurs est versée à un dossier que le public peut consulter.,None.,aucun,Records are retained for 10 years and then destroyed.,"les dossiers sont conservés pendant 10 ans, puis détruits.",2002/002,2002/002,CRTC CCM 100,CRTC CCM 100,,,003722,003722
CRTC PPU 070,Data Collection System (DCS) - Broadcasting and Telecommunications,Système de collecte de données (SCD) – Radiodiffusion et télécommunications,CRTC PPU 070,CRTC PPU 070,"This bank describes the personal information contained in the Data Collection System (DCS) system which is a web-enabled application designed to: collect individual, entity and undertaking information; archive this information; and report data related to competition in the Canadian telecommunications and broadcasting markets. The personal information collected includes the individual's name, title, mailing address, e-mail address, telephone number and FAX number.","ce fichier décrit les renseignements personnels que l'on trouve dans le Système de collecte de données (SCD), une application Web conçue pour recueillir des données sur des particuliers, des entités et des entreprises, archiver l'information et produire des rapports sur la concurrence au sein des marchés de la radiodiffusion et des télécommunications canadiennes. Les renseignements personnels recueillis sont notamment le nom de la personne, son titre, son adresse postale, son adresse électronique, son numéro de téléphone et son numéro de télécopieur.","single point-of-contact individuals known as Response Manager, as well as other individuals nominated by the Response Manager to submit and view data using the system.",les personnes-ressources jouant chacune le rôle de coordonnateur de réponse et toute autre personne nommée par celui-ci pour présenter et examiner ces données à l'aide du système.,,,,,"This web-based application supports the submission of data related to: quarterly and annual monitoring; updating telecommunications entity registration lists; international licences; telecommunication fees; the contribution regime; telecommunications foreign ownership regulation, pay telephones; and forborne interexchange private line routes; radio; television; New Media Broadcasting Undertakings (NMBU) and BDU . The CRTC is authorized, under the *Telecommunications Act* to refrain from regulating telecommunications services by incumbent telephone companies which are referred to in the Telecommunications Industry as local forbearance and forborne line routes.","cette application Web permet de soumettre des données liées à divers éléments, notamment la surveillance trimestrielle et annuelle, la mise à jour des listes d'enregistrement des entreprises de télécommunications, les licences internationales, les droits de télécommunication, le régime de contribution, la réglementation en matière de participation étrangère dans le secteur des télécommunications, les téléphones payants, l’abstention de la réglementation des routes de liaison spécialisée intercirconscriptions, la radio, la télévision, les entreprises de radiodiffusion par les nouveaux médias (ERNM) et les entreprises de distribution de radiodiffusion (EDR). Le CRTC peut, en vertu de la *Loi sur les télécommunications*, s’absenter de réglementer des services de télécommunications fournis par les compagnies de téléphone titulaires. Dans l’industrie, on parle de l'abstention de la réglementation des services locaux et des services de liaison spécialisée sur certaines routes.","The system is used to facilitate the entire data collection process for a range of business activities including a survey of reporting entities across Canada. DCS-derived data is used to maintain and update registration lists available to the public via the CRTC website. Some of the information is collected jointly with Statistics Canada pursuant to a Memorandum of Understanding for use in preparing internal and public industry monitoring reports, including the Communications Monitoring Report; registration list membership and publication; international license renewals; telecommunications fees; the contribution collection mechanism and the foreign ownership regulation; broadcasting radio, television pay and speciality and BDU books.","ce système sert à faciliter l'ensemble du processus de collecte de données pour une vaste gamme d'activités organisationnelles du CRTC, notamment un sondage auprès des entités déclarantes à l'échelle du Canada. Les données obtenues par le SCD peuvent être utilisées pour la tenue et la mise à jour des listes d'enregistrement fournies au public sur le site Web du CRTC. Le CRTC recueille conjointement une partie de cette information avec Statistiques Canada aux termes d’un protocole d'entente. Ces renseignements peuvent servir à élaborer à l’interne et pour le public des rapports de surveillance de l'industrie, y compris le Rapport de surveillance du CRTC sur les communications. Le système sert également pour la publication des listes des entreprises de télécommunication inscrites auprès du CRTC; les demandes et les rétrocessions de licences de services de télécommunication internationale de base; les droits de télécommunication; le mécanisme de collecte de la contribution; la réglementation de la propriété étrangère; les téléphones payants, les routes de liaison spécialisée intercirconscriptions soustraites à la réglementation; les rapports statistiques du Conseil sur la radio, la télévision, les services payants et les services spécialisés et les EDR.",Records are retained for 10 years from the date of reception and destroyed.,"les dossiers sont conservés pendant 10 ans, puis détruits.",2002/002,2002/002,"CRTC DCS 255, CRTC DCS 255-1","CRTC DCS 255, CRTC DCS 255-1",,,006441,006441
CRTC PPU 070,,Data de collecte de données (SCD) – Radiodiffusion et télécommunications,,CRTC PPU 070,,"ce fichier décrit les renseignements personnels que l'on trouve dans le Système de collecte de données (SCD), une application Web conçue pour recueillir des données sur des particuliers, des entités et des entreprises, archiver l'information et produire des rapports sur la concurrence au sein des marchés de la radiodiffusion et des télécommunications canadiennes. Les renseignements personnels recueillis sont notamment le nom de la personne, son titre, son adresse postale, son adresse électronique, son numéro de téléphone et son numéro de télécopieur.",,les personnes-ressources jouant chacune le rôle de coordonnateur de réponse et toute autre personne nommée par celui-ci pour présenter et examiner ces données à l'aide du système.,,,,,,"cette application Web permet de soumettre des données liées à divers éléments, notamment la surveillance trimestrielle et annuelle, la mise à jour des listes d'enregistrement des entreprises de télécommunications, les licences internationales, les droits de télécommunication, le régime de contribution, la réglementation en matière de participation étrangère dans le secteur des télécommunications, les téléphones payants, l’abstention de la réglementation des routes de liaison spécialisée intercirconscriptions, la radio, la télévision, les entreprises de radiodiffusion par les nouveaux médias (ERNM) et les entreprises de distribution de radiodiffusion (EDR). Le CRTC peut, en vertu de la *Loi sur les télécommunications*, s’absenter de réglementer des services de télécommunications fournis par les compagnies de téléphone titulaires. Dans l’industrie, on parle de l'abstention de la réglementation des services locaux et des services de liaison spécialisée sur certaines routes.",,"l e but du système est de faciliter l'ensemble du processus de collecte de données pour une vaste gamme d'activités organisationnelles du CRTC, notamment un sondage auprès des entités participantes à l'échelle du Canada. Les données obtenues par le SCD sont utilisées pour la tenue et la mise à jour des listes d'enregistrement fournies au public sur le site Web du CRTC. Le CRTC recueille conjointement une partie de cette information avec Statistiques Canada suite à un protocole d'entente. Ces renseignements peuvent servir à l'élaboration à l'interne et pour le public de rapports de surveillance de l'industrie, y compris le Rapport de surveillance du CRTC sur les communications, la publication des listes de membres et des listes d'enregistrement de télécommunications, des renouvellements de licences internationales, des droits de télécommunication, du mécanisme du régime de contribution et de la réglementation de la propriété étrangère, les rapports statistiques du Conseil sur la radio, la télévision, les services payants et les services spécialisés et les EDR",,"les dossiers sont conservés pendant 10 ans, puis détruits.",,2002/002,,"CRTC DCS 255, CRTC DCS 255-1",,,,006441
CRTC PPU 015,Financial Data (Broadcasting),Données financières (Radiodiffusion),CRTC PPU 015,CRTC PPU 015,This bank contains financial information on individuals and/or companies authorized under the Broadcasting Act to own and operate broadcasting undertakings in Canada.,ce fichier contient des renseignements sur les finances des particuliers et/ou des sociétés autorisés en vertu de la *Loi sur la radiodiffusion* à établir et à exploiter des entreprises de radiodiffusion au Canada.,Members of the public who have a financial or ownership interest in a broadcasting undertaking.,les particuliers qui ont des intérêts financiers dans une entreprise de radiodiffusion.,,,,,Used in the preparation of financial analysis comments for the various public hearings with respect to the granting of licences for broadcasting undertakings; compiling and analyzing data on the broadcasting industry such as growth trends and industry performance; the assessment of annual licence fees to be paid by the licensees.,"sert à préparer les observations sur l'analyse financière qui seront utilisées au cours des diverses audiences publiques qui sont tenues en vue de l'attribution de licences d'exploitation d'entreprises de radiodiffusion; sert à compiler et à analyser des données sur l'industrie de la radiodiffusion, notamment les tendances de la croissance et le rendement de l'industrie; sert à établir les droits de licence annuels que les titulaires doivent payer.",None.,aucun,Records are retained for seven years and then destroyed.,"les dossiers sont conservés pendant sept ans, puis détruits.",2002/002,2002/002,CRTC FDB 225,CRTC FDB 225,,,003716,003716
CRTC PPU 045,Legal Correspondence and Advice - Broadcasting and Telecommunications,Correspondance et avis juridiques – Radiodiffusion et télécommunications,CRTC PPU 045,CRTC PPU 045,"A record of prosecutions and investigations conducted by the Legal Directorate, as well as some of the material upon which such prosecutions and investigations were contemplated or carried out. It also provides a record of cases in which the Commission is involved and some other material relevant to such cases.","ce fichier contient les dossiers des poursuites et des enquêtes du Contentieux, de même qu'une partie des documents donnant les raisons pour lesquelles il a été envisagé ou décidé d'intenter de telles poursuites ou de procéder à de telles enquêtes. Ce fichier contient également les dossiers des cas où le Conseil est directement concerné et certains renseignements à leur sujet.",Persons who may have breached the Broadcasting or Telecommunications Acts or their regulations.,p**ersonnes susceptibles d’avoir enfreint la *Loi sur la radiodiffusion* ou la *Loi sur les télécommunications* ou leurs règlements d’application.,,,,,To provide a record of legal opinions and advice given to the Commission by the Legal Directorate and other sources and to retain some of the material upon which such advice was given.,"constituer un dossier des avis et conseils juridiques fournis au Conseil par le Contentieux et d'autres sources, et conserver une partie des documents sur lesquels sont fondés ces avis.",None.,aucun,Files are kept 10 years following a closing letter of a Judgment of the Court.,les dossiers sont conservés pendant 10 ans après la lettre de fermeture du cas ou le jugement de la cour.,2002/002,2002/002,"CRTC IML 105, CRTC IML 105-1","CRTC IML 105, CRTC IML 105-1",,,003720,003720
CRTC PPU 045,,Correspondance et avis juridiques – Radiodiffusion et télécommunicaitons,,CRTC PPU 045,,"ce fichier contient les dossiers des poursuites et des enquêtes du Contentieux, de même qu'une partie des documents donnant les raisons pour lesquelles il a été envisagé ou décidé d'intenter de telles poursuites ou de procéder à de telles enquêtes. Ce fichier contient également les dossiers des cas où le Conseil est directement concerné et certains renseignements à leur sujet.",,p**ersonnes susceptibles d’avoir enfreint la *Loi sur la radiodiffusion* ou la *Loi sur les télécommunications* ou leurs règlements d’application.,,,,,,"constituer un dossier des avis et conseils juridiques fournis au Conseil par le Contentieux et d'autres sources, et conserver une partie des documents sur lesquels sont fondés ces avis.",,aucun,,les dossiers sont conservés pendant 10 ans après la lettre de fermeture du cas ou le jugement de la cour.,,2002/002,,"CRTC IML 105, CRTC IML 105-1",,,,003720
CRTC PPU 010,Ownership Profiles - Broadcasting,,CRTC PPU 010,CRTC PPU 010,"This file contains the name of the individual ownership shareholding, together with the location and type of undertaking (cable, AM, FM or TV) of those individuals authorized under the Broadcasting Act to own and operate broadcasting undertakings in Canada.","ce fichier contient le nom des actionnaires et précise le lieu et le genre de l'entreprise (télévision par câble, AM, FM ou télé) des particuliers autorisés en vertu de la *Loi sur la radiodiffusion* à établir et à exploiter des entreprises de radiodiffusion au Canada.",Members of the public who have shares in a broadcasting undertaking.,les particuliers qui détiennent des actions dans une entreprise de radiodiffusion.,,,,,For use in the monitoring and preparation of ownership comments for the various public hearings held across the country with respect to the granting and renewal of licences for broadcasting undertakings. The information is also used to assess the impact of any ownership transfer and to assert the Canadian ownership and control.,"s ert à surveiller et à préparer des observations sur les titres de propriété dans le cadre des audiences publiques tenues dans tout le pays en vue d’attribuer et de renouveler des licences d'exploitation d'entreprises de radiodiffusion. Ces renseignements servent aussi à évaluer l'impact de toutes transactions de propriété et de garantir que l’entreprise demeure une propriété canadienne, sous contrôle canadien.",None.,aucun,Files are maintained until an administrative decision from the program instructs the Documentation Centre to destroy the file. Disposal date is the last instruction on file. Final disposition is one year after the disposal date.,les dossiers sont conservés jusqu'à ce qu'une décision administrative du programme indique au Centre de documentation la date d'élimination du dossier. La date d'élimination finale est une année passée la date d'élimination.,2002/002,2002/002,CRTC OWN 025,CRTC OWN 025,,,003715,003715
CRTC PPU 025,REGULATION AND SUPERVISION OF THE CANADIAN TELECOMMUNICATIONS INDUSTRY,Système de suivi des demandes (APP) - Radiodiffusion et télécommunications,CRTC PPU 025,CRTC PPU 025,"This bank contains all information relevant to the submission, processing, investigation and disposition of complaints and inquiries from customers or users of telecommunications services furnished by the telecommunications companies under the Commission's jurisdiction. The bank contains all correspondence between the Commission and the telecommunications company against which the complaint or inquiry is directed, on such matters as quality of service, rates and charges, credit and collection practices.","ce fichier contient tous les renseignements qui concernent le dépôt, le traitement, l'examen et le règlement des plaintes et des demandes de renseignements provenant d'abonnés ou d'utilisateurs de services de télécommunications fournis par les entreprises de télécommunications de compétence fédérale. Il renferme toute la correspondance entre le Conseil et l'entreprise de télécommunications qui a fait l'objet de la plainte ou de la demande de renseignements, et ce, sur des questions comme la qualité du service, les tarifs et les frais, les méthodes de crédit et de recouvrement.",Members of the public who submit complaints or inquiries to the Commission.,les particuliers qui présentent des plaintes ou des demandes de renseignements au Conseil.,,,,,To maintain a depository for case files on telecommunications complaints and inquiries for the purpose of resolving disputes or responding to inquiries.,tenir un répertoire des dossiers sur les plaintes et les demandes de renseignements en matière de télécommunications afin de régler les différends et de répondre aux demandes de renseignements.,None.,a ucun,Records are retained for 10 years and then destroyed.,"les dossiers sont conservés pendant 10 ans, puis détruits.",2002/002,2002/002,"CRTC APP 085-1, CRTC CCM 100-1","CRTC APP 085-1, CRTC CCM 100-1",,,003717,003717
CRTC PPU 025,Correspondence - Broadcasting and Telecommunications,Correspondance – Radiodiffusion et télécommunications,CRTC PPU 025,CRTC PPU 025,"This bank contains all information relevant to the submission, processing, investigation and disposition of complaints and inquiries from customers or users of telecommunications services furnished by the telecommunications companies under the Commission's jurisdiction. The bank contains all correspondence between the Commission and the telecommunications company against which the complaint or inquiry is directed, on such matters as quality of service, rates and charges, credit and collection practices.","ce fichier contient tous les renseignements qui concernent le dépôt, le traitement, l'examen et le règlement des plaintes et des demandes de renseignements provenant d'abonnés ou d'utilisateurs de services de télécommunications fournis par les entreprises de télécommunications de compétence fédérale. Il renferme toute la correspondance entre le Conseil et l'entreprise de télécommunications qui a fait l'objet de la plainte ou de la demande de renseignements, et ce, sur des questions comme la qualité du service, les tarifs et les frais, les méthodes de crédit et de recouvrement.",Members of the public who submit complaints or inquiries to the Commission.,les particuliers qui présentent des plaintes ou des demandes de renseignements au Conseil.,,,,,To maintain a depository for case files on telecommunications complaints and inquiries for the purpose of resolving disputes or responding to inquiries.,tenir un répertoire des dossiers sur les plaintes et les demandes de renseignements en matière de télécommunications afin de régler les différends et de répondre aux demandes de renseignements.,None.,a ucun,Records are retained for 10 years and then destroyed.,"les dossiers sont conservés pendant 10 ans, puis détruits.",2002/002,2002/002,"CRTC APP 085-1, CRTC CCM 100-1","CRTC APP 085-1, CRTC CCM 100-1",,,003717,003717
CRT PPU 075,Telecommunications,Télécommunications,CRT PPU 075,CRT PPU 075,"This bank describes information that is used in support of the both the [Unsolicited Telecommunications Rules](/eng/trules-reglest.htm) (“the Rules”), which encompass direction concerning telemarketing, the National Do Not Call List and automatic dialling and announcing devices, and Part 16.1, Division 1 to 1.1. Voter Contact Calling Services of the *Canada Elections Act* which includes the Voter Contact Registry (VCR). With regard to the Rules, information about consumers, telemarketers and telemarketer account managers is described in this bank. Personal information of consumers and Canadian citizens may include the name, mailing address, e-mail address, language preference, and telecommunication number associated with a home phone (i.e. landline) service, cell phone or wireless (i.e. mobile or satellite) service, VoIP service, or a fax machine. It may also include information related to a complaint about a telemarketer, including the name and/or number of the telemarketer, date of the telemarketing call, the nature of the call, and comments related to the call. Personal information of telemarketer individuals and telemarketer account managers may include their name, address, business contact information, language preference, description of telemarketing activities, telecommunications numbers used, names used/displayed while making telemarketing calls, and calling logs. With regard to the VCR, information about Canadian citizens; VCR registrants; and, persons who are alleged to have violated the Voter Calling Services provisions is described in this bank. Personal information of Canadian citizens may include the name, mailing address, e-mail address, language preference, and telecommunication number associated with a home phone (i.e. landline) service, cell phone or wireless (i.e. mobile or satellite) service, VoIP service, or a fax machine. It may also include information related to a complaint about a VCR registrant or person who the complainant alleges may have violated the Voter Contact Calling Service provisions, including the name and/or number of the registrant or person, date of a call received during a federal election, by-election, or referendum, the nature of the call, and comments related to the call. Personal information of VCR registrants may include their name, address, language preference, IP address, copy of a piece of identification with their name and photo, name of person who has entered into an agreement with a calling service provider or is using internal services to make calls for the purposes of a federal election, by-election or referendum. Details of any complaints, including the names of consumers and telemarketers and the name of citizens and VCR registrants, and any of the above-noted information, may be collected and used by the CRTC to enforce the Rules and the provisions under Part 16.1, Division 1 to 1.1 and to inform the public of enforcement proceedings for the protection of the public and deterrence purposes.","Cette base de données décrit l’information utilisée pour assurer l’application des [Règles sur les télécommunications non sollicitées](https://crtc.gc.ca/fra/reglest-trules.htm) (les « Règles »), qui orientent notamment le télémarketing, la Liste nationale de numéros de télécommunication exclus et les dispositifs de composition et d’annonce automatique, ainsi que les sections 1 à 1.1 de la partie 16.1 de la *Loi électorale du Canada*, Services d’appels aux électeurs, qui comprend le Registre de communication avec les électeurs (le « Registre »). En ce qui concerne les Règles, l’information sur les consommateurs, les télévendeurs et les chargés de comptes de télévendeurs est définie dans cette base de données. Les renseignements personnels des consommateurs et des citoyens canadiens comprennent le nom, l’adresse postale, le courriel, la langue de correspondance préférée et le numéro de télécommunication associé à un service téléphonique résidentiel (ligne terrestre), un service de téléphonie cellulaire ou sans fil (mobile ou satellite), un service voix sur IP ou un télécopieur. Il peut également s’agir de renseignements au sujet d’une plainte concernant un télévendeur, dont son nom et/ou son numéro, la date de l’appel de télémarketing, le caractère de l’appel et les commentaires liés à cet appel. Les renseignements personnels des télévendeurs et des chargés de comptes de télévendeurs comprennent le nom de ces personnes, leur adresse, leurs coordonnées professionnelles, la langue de correspondance préférée, la description de leurs activités de télémarketing, les numéros des télécommunications effectuées, les noms utilisés ou affichés pendant leurs appels de télémarketing, ainsi que leur registre d’appel. En ce qui concerne le Registre de communication avec les électeurs, l’information sur les citoyens canadiens, les personnes inscrites au Registre et les personnes accusées d’avoir violé les dispositions concernant les services d’appels aux électeurs est définie dans la base de données. Les renseignements personnels des citoyens canadiens comprennent le nom, l’adresse postale, la langue de correspondance préférée et le numéro de télécommunication associé à un service téléphonique résidentiel (ligne terrestre), un service de téléphonie cellulaire ou sans fil (mobile ou satellite), un service voix sur IP ou un télécopieur. Il peut aussi s’agir de renseignements au sujet d’une plainte concernant une personne inscrite au Registre ou une personne accusée d’avoir violé les dispositions concernant les services d’appels aux électeurs, y compris le nom ou le numéro de l’inscrit ou de la personne, la date d’un appel reçu au cours d’une élection fédérale, d’une élection partielle ou d’un référendum, le caractère de l’appel et les commentaires liés à cet appel. Les renseignements personnels des personnes inscrites au Registre comprennent le nom de ces personnes, leur adresse, la langue de correspondance préférée, l’adresse IP, une copie d’une pièce d’identité présentant leur nom et photo, le nom de la personne qui a conclu une entente avec un fournisseur de services d’appels ou qui utilise des services internes pour faire des appels en lien avec une élection fédérale, une élection partielle ou un référendum. Le CRTC peut collecter et utiliser les données relatives à toute plainte, dont les noms des consommateurs et des télévendeurs, le nom des citoyens et des personnes inscrites au Registre de communication avec les électeurs et tout type de renseignement susmentionné, pour appliquer les Règles et les dispositions des sections 1 à 1.1 de la Partie 16.1 et informer le public des procédures d’application de la loi aux fins de protection du public et de dissuasion.","Consumers in Canada whose telecommunications numbers are registered with the National Do Not Call List; telemarketers who make unsolicited telecommunications on their own behalf or on behalf of clients; telemarketing account managers; the Canadian electorate; persons who use their internal services and/or enter into an agreement with a Calling Service Provider for the making of calls during a federal election, by-election, or referendum period for any purpose related an election; and, persons who are representatives (e.g. employees, officer of the company, owner) of Calling Service Providers who are providing voter contact calling services.","les consommateurs canadiens dont les numéros de télécommunications sont inscrits sur la Liste nationale de numéros de télécommunications exclus (LNNTE), les télévendeurs qui effectuent des télécommunications non sollicitées pour leur compte ou le compte de clients, les chargés de compte de télémarketing, les électeurs canadiens, les personnes qui utilisent leurs services internes ou qui concluent une entente avec un fournisseur de services d’appels afin de faire des appels au cours d’une période d’élection fédérale, d’élection partielle ou ce référendum à toute fin liée à l’élection et les représentants (p. ex., employé, dirigeant, propriétaire) d’un fournisseur de services d’appels qui fournit des services d’appels aux électeurs.",,,,,"The information is used to regulate unsolicited telecommunications under sections 41 and 72.01 – 72.19 of the *Telecommunications Act* which enables the CRTC to prohibit or regulate the use of telecommunications facilities in Canada and authorizes the CRTC to levy administrative monetary penalties for violations of the Act. The information is also used to monitor and enforce, under sections 72.01 and 72.19 of the *Telecommunications Act,* the provisions under Part 16.1 Division 1 to 1.1 Voter Contact Calling services (VCR). In the case of the unsolicited telecommunications rules the CRTC has contracted with a third party, the National Do Not Call List (DNCL) Operator, which collects, uses and discloses consumers’ information in order to: Register numbers on the National DNCL; Collect complaints about unsolicited telecommunications; and, Transmit complaints and associated operational reports to the CRTC. The National DNCL Operator also collects, uses, and discloses telemarketers' information and information related to clients of telemarketers to: Enable telemarketer subscription to the National DNCL; Manage the registration and subscription of telemarketers, or clients of telemarketers; Grant telemarketers access to the list of numbers on the National DNCL; Allow telemarketers and their clients to receive technical support; and, Facilitate review of complaints. Information collected by the National DNCL Operator is sent to the CRTC for the purpose of assessment and possible investigation of complaints. In the case of the VCR the CRTC will be collecting, using and disclosing registrants' information and any information they provide about persons they represent who use their internal services and/or enter into an agreement with a Calling Service Provider for the making of calls during a federal election, by-election, or referendum period for any purpose related an election. The CRTC will also be collecting, using, and disclosing the information of citizens who make a complaint. In the course of an investigation, the CRTC may collect further information from complainants and other persons, and may disclose complainant information regarding the nature of potential violations to telemarketers, VCR registrants, or persons alleged to have violated the Voter Contact Calling provisions.","Ces renseignements servent à réglementer les télécommunications non sollicitées en vertu des articles 41 et 72.01 à 72.19 de la *Loi sur les télécommunications* qui permettent au CRTC d’interdire ou de réglementer l’utilisation des installations de télécommunications au Canada et autorise le CRTC à imposer des sanctions administratives pécuniaires en cas de violation de la *Loi*. Les renseignements servent aussi, en vertu des articles 72.01 et 72.19 de la *Loi sur les télécommunications*, à surveiller et à réglementer les dispositions des sections 1 à 1.1 de la Partie 16.1, Services d’appels aux électeurs. Dans le cas des Règles sur les télécommunications non sollicitées, le CRTC a conclu un contrat avec un tiers, l’administrateur de la Liste nationale de numéros de télécommunication exclus (LNNTE), qui collecte, utilise et divulgue les renseignements sur les consommateurs aux fins suivantes: inscrire les numéros sur la LNNTE; recueillir les plaintes sur les télécommunications non sollicitées; transmettre les plaintes et les rapports d’activités connexes au CRTC. L’administrateur de la Liste nationale de numéros de télécommunication exclus (LNNTE) collecte, utilise et divulgue les renseignements des télévendeurs et liés aux clients de ces derniers aux fins suivantes : permettre l’inscription du télévendeur sur la LNNTE; administrer l’enregistrement et l’abonnement des télévendeurs ou des clients de ces derniers; donner aux télévendeurs l’accès à la liste des numéros de la LNNTE; permettre aux télévendeurs et à leurs clients de recevoir du soutien technique; faciliter l’examen des plaintes. Le CRTC reçoit les renseignements que recueille l’administrateur de la LNNTE aux fins d’évaluation et de possibles enquêtes sur les plaintes. Dans le cas du Registre, le CRTC collectera, utilisera et divulguera les renseignements des personnes inscrites et les renseignements qu’ils fournissent au sujet des personnes qu’ils représentent qui utilisent leurs services internes ou qui ont conclu une entente avec un fournisseur de services d’appels afin de faire des appels au cours d’une élection fédérale, d’une élection partielle ou d’un référendum à toute fin liée à l’élection. Le CRTC collectera, utilisera et divulguera aussi des renseignements provenant de citoyens qui formulent une plainte. Dans le cadre d’une enquête, le CRTC peut collecter d’autres renseignements provenant des plaignants et d’autres personnes et peuvent divulguer les renseignements liés aux plaintes portant sur des violations possibles aux télévendeurs, aux personnes inscrites au Registre ou aux personnes accusées d’avoir violé les dispositions concernant les communications avec les électeurs.","The Commission may use personal information collected under the National DNCL regime and the Voter Contact Calling regime for program evaluation purposes. In addition, the CRTC may disclose telemarketers’, persons alleged to have violated the Voter Contact Calling provisions’, and VCR registrants’ personal information without consent in accordance with section 8(2)(a) of the *Privacy Act* and consistent with the purpose for which it was obtained, that is, to enforce the Unsolicited Telecommunications Rules; enforce the Voter Contact Calling provisions; protect the public; and, encourage compliance. Specifically, when publishing notices of violation and citations for non-compliance, the CRTC may make public the nature of a violation, the name of the telemarketer, the name of VCR registrant or the name person who committed it, and the amount of the administrative monetary penalty imposed. Besides disclosing personal information without consent for the reasons described above, the CRTC may disclose personal information in situations that are identified in section 8 of the *Privacy Act*. These include disclosures to law enforcement agencies for the purpose of administering or enforcing any law or carrying out a lawful investigation, disclosures under any other federal law or regulation that authorizes disclosure, and disclosure in situations in which the CRTC considers that the public interest clearly outweighs any invasion of privacy that could result from the disclosure. The CRTC may share VCR registrants‘personal information with the Commissioner of Canada Elections for the purpose of ensuring compliance with, and enforcement of, the Canada Elections Act. The Commissioner of Canada Elections may share this information with other law enforcement agencies or with Elections Canada to further an investigation or enquiry. Additionally, the CRTC may share personal information provided in a VCR complaint with the Commissioner of Canada Elections (PPSC PPU 008 – Public Communications) and Elections Canada if the nature of the complaint falls under their jurisdiction. (Note: Elections Canada notes that it stores personal information related to complaints in fragmented form throughout general subject files. See http://www.elections.ca/abo/atip/info/infosource\_e.pdf)","le Conseil a le droit d’utiliser les renseignements personnels collectés en vertu du régime de la LNNTE et du régime d’appels aux électeurs aux fins d’évaluation du programme. Le CRTC peut, en outre, divulguer les renseignements personnels des télévendeurs, des personnes accusées d’avoir violé les dispositions concernant les communications avec les électeurs et des personnes inscrites au Registre sans devoir obtenir leur consentement en vertu de l’alinéa 8(2)*a*) de la *Loi sur la protection des renseignements personnels* et conformément aux fins d’obtention de ces renseignements personnels, à savoir, l’application des *Règles sur les télécommunications non sollicitées* et des dispositions concernant les appels aux électeurs, la protection du public et l’incitation à s’y conformer. En termes concrets, le CRTC peut rendre publics le caractère d’une violation, le nom du télévendeur, de la personne inscrite au Registre ou de la personne nommée contrevenant et le montant de la sanction administrative pécuniaire imposée quand il émet un avis d’infraction et de violation pour non-conformité. En plus de pouvoir divulguer les renseignements personnels sans consentement préalable pour les raisons susmentionnées, le CRTC peut divulguer des renseignements personnels dans les circonstances décrites dans l’article 8 de la *Loi sur la protection des renseignements personnels*. Il peut s’agir de communications de renseignements aux organismes d’application de la Loi aux fins d’administration ou d’application de toute loi ou de conduite d’une enquête licite, de communications effectuées en vertu de tout autre loi ou règlement du fédéral autorisant leur divulgation, ainsi que de communications effectuées dans des circonstances pour lesquelles le CRTC estime que l’intérêt public prévaut nettement sur toute violation éventuelle de la vie privée. Le CRTC peut communiquer au Commissaire aux élections fédérales les renseignements personnels des personnes inscrites au Registre dans le but d’assurer la conformité à la *Loi électorale du Canada* et la mise en application de celle-ci. Le Commissaire aux élections fédéral peut communiquer ces renseignements à d’autres organismes d’application de la loi ou à Élections Canada dans le cadre d’une enquête. En outre, le CRTC peut communiquer au Commissaire aux élections fédérales (SPPC PPU 008 – Communications publiques) et à Élections Canada des renseignements personnels fournis dans une plainte concernant le Registre si le caractère de plainte relève de leur compétence. (Nota : Élections Canada indique conserver les renseignements personnels liés aux plaintes sous forme fragmentée dans ses dossiers généraux. Consulter http://www.elections.ca/abo/atip/info/infosource\_f.pdf.)","Information collected from consumers: Information collected for telecommunications number registration is retained for 2 years after the registration expires; Information associated with a registered telecommunications number is retained for 2 years after the de-registration date of the number. Information collected from consumers and Canadian citizens: Complaint/Complainant information is retained for 5 years from the date of receipt; and Complaint/Complainant information used in an investigation is retained for 5 years after the final investigation closing date. Information collected from telemarketers or clients of telemarketers and for VCR registrants: Information collected for telemarketer or client registration and for VCR registration is retained for a period of 5 years from the date of expiry of the last registration; Information collected for subscriptions to the National DNCL is retained for a period of 5 years from the date of expiry of the last subscription period, or last transaction, whichever is later; and Information collected from telemarketers, (which may include telecommunications numbers, call dates, proof of an existing business relationship with a Canadian, and financial statements), and from VCR registrants or persons investigated for alleged violations of the Voter Contact Calling provisions (which may include telecommunications numbers, copies of agreements with Calling Service providers, calling dates and record) are retained for 5 years after the final investigation closing date. Information related to telemarketers or clients of telemarketers or to VCR registrants or persons investigated for alleged violations of the Voter Contact Calling provisions and collected from other sources in the investigation process is retained for 5 years after the final investigation closing date. Upon completion of the retention period, all electronic records are deleted from the system including back-up copies and hard copies are disposed of in accordance with secure information handling standards.","renseignements obtenus auprès des consommateurs : Les données recueillies pour l’inscription du numéro de télécommunications sont conservées pendant deux ans suivant l’expiration de leur inscription; les renseignements liés à un numéro de télécommunications inscrit sont conservés pendant deux ans suivant la date d’annulation de l’inscription du numéro. Les renseignements obtenus auprès des consommateurs et des citoyens canadiens et les renseignements recueillis aux fins de plaintes et de suivi des plaignants sont conservés pendant cinq ans suivant la date de réception; les renseignements recueillis aux fins de plaintes et de suivi des plaignants sont conservés pendant cinq ans suivant la date de conclusion d’une enquête définitive. Renseignements obtenus auprès des télévendeurs ou de leurs clients et renseignements concernant les personnes inscrites au Registre : les données recueillies pour l’inscription du télévendeur ou de son client ou pour l’inscription au Registre sont conservées pendant cinq ans suivant la date d’expiration de leur dernière inscription; les données recueillies aux fins d’abonnement à la LNNTE sont conservées pendant cinq ans suivant la date d’expiration de la dernière période d’abonnement ou de la dernière opération, la dernière échéance prévalant; les renseignements obtenus des télévendeurs, notamment les numéros de télécommunications, dates d’appels, preuves d’une relation commerciale réelle avec un citoyen canadien et les états financiers et les données provenant de personnes inscrites au registre ou de personnes faisant l’objet d’une enquête concernant une violation alléguée aux dispositions concernant les appels aux électeurs, notamment les numéros de télécommunication, les copies d’ententes conclues avec des fournisseurs de services d’appels et dates et le registre d’appels, sont conservés pendant cinq ans suivant la date de conclusion d’une enquête définitive. Les renseignements liés aux télévendeurs, à leurs clients ou aux personnes inscrites au registre ou faisant l’objet d’une enquête concernant une violation alléguée aux dispositions concernant les appels aux électeurs et obtenus auprès d’autres sources au cours d’enquêtes sont conservés pendant cinq ans suivant la date de conclusion d’une enquête définitive. À la fin de leur période de conservation, les versions électroniques des documents sont supprimées des systèmes en totalité, y compris les copies de sauvegarde et les versions papier associées, qui sont retirées conformément aux normes de gestion de l’information protégée.",2002/002,2002/002,CRT TEL 265,CRT TEL 265,,,20091520,20091520
CRTC PPU 555,,,CRTC PPU 555,,"This personal information bank (“PIB”) describes information related to the CRTC’s administration and enforcement of *An Act to promote the efficiency and adaptability of the Canadian economy by regulating certain activities that discourage reliance on electronic means of carrying out commercial activities, and to amend the Canadian Radio-television and Telecommunications Commission Act, the Competition Act, the Personal Information Protection and Electronic Documents Act and the Telecommunications Act* (S.C. 2010, c. 23), commonly referred to as Canada’s Anti-Spam Legislation (“CASL”). It includes information related to the administration and enforcement of CASL, as well as material collected or prepared as part of an investigation under CASL. Personal information may include name, contact information, IP address, e-mail, phone number, financial information, decisions, representations (including personal views and opinions), date of birth, employee records, account or subscriber information and other personal information disclosed to the CRTC.",,"Persons investigated for potential violation(s) of CASL, persons affected by alleged violations of CASL, persons who submit information to the CRTC, persons who submit representations to the CRTC.",,,,,,"The purpose for the collection is for the administration and enforcement of CASL. This includes information used for making decisions, replies to and analysis of representations, investigations, gathering evidence, and issuing demands, notices and/or penalties under CASL. Under section 62 of CASL the CRTC is responsible for the administration of sections 6 to 46 of the Act as of July 1, 2014.6",,"Information may be shared with the Office of the Privacy Commissioner (OPC PPU 005 Privacy Complaints and Investigations), the Competition Bureau Canada (IC PPU 034 Complaints Submitted to the Competition Bureau) , and, under a written agreement or arrangement, with the government of a foreign state, an international organization of states or an international organization established by the governments of states, or any institution of any such government or organization, as authorized under CASL. Furthermore, the CRTC may use software that performs data matching to compare personal information obtained from different sources. Decisions of the CRTC may also be made public and may include personal information such as the name of the individual impacted by the decision.",,"Five (5) years after closing the related file. Following this period, information of enduring value will be transferred to Library and Archives Canada and information without enduring value will be removed and destroyed.",,2002/002,,CRTC CCM 100,,,,2****0140100,
CRTC PPU 777,Spam Reporting Centre,Centre de notification des pourriels (CNP),CRTC PPU 777,CRTC PPU 777,"This personal information bank (PIB) relates to information submitted voluntarily by members of the public, in their complaints and complaint-linked reports (i.e., forwarded commercial electronic messages submitted in conjunction with a Complaint) concerning potential violations under *An Act to promote the efficiency and adaptability of the Canadian economy by regulating certain activities that discourage reliance on electronic means of carrying out commercial activities, and to amend the* Canadian Radio-television and Telecommunications Act*, the* Competition Act*, the* Personal Information Protection and Electronic Documents Act *and the* Telecommunications Act, S.C. 2010, c. 23, s. 21, commonly referred to as Canada’s Anti-Spam Legislation (CASL) and/or related provisions under the *Competition Act* and PIPEDA. Complaints and complaint-linked reports collected by the SRC PIB may contain the following PI: contact information of complainants, personal views or opinions of complainants, email address of recipients and senders of commercial electronic messages, phone numbers of recipients and senders of commercial electronic messages, names of recipients and senders of commercial electronic messages, IP address, URL , Malware metadata and any other personal information that complainants may choose to provide in the complaint description.","Le fichier de renseignements personnels est associé à des renseignements déposés volontairement par des membres du public, dans leurs plaintes et les rapports liés aux plaintes (p. ex., messages électroniques commerciaux transmis avec une plainte concernant une violation possible de la *Loi visant à promouvoir l’efficacité et la capacité d’adaptation de l’économie canadienne par la réglementation de certaines pratiques qui découragent l’exercice des activités commerciales par voie électronique et modifiant la Loi sur le Conseil de la radiodiffusion et des télécommunications canadiennes, la Loi sur la concurrence, la Loi sur la protection des renseignements personnels et les documents électroniques et la Loi sur les télécommunication*, [L.C. 2010, ch. 23], communément appelée la Loi canadienne anti-pourriel [la « LCAP »]) ou de dispositions connexes de la *Loi sur la concurrence* ou de la LPRPDE. Les plaintes et les rapports liés aux plaintes recueillis dans le fichier de renseignements personnels du CNP peuvent contenir les renseignements personnels suivants : coordonnées des plaignants, leurs points de vue ou opinions personnels, les adresses de courriel, des destinataires et des expéditeurs de messages électroniques commerciaux, les numéros de téléphone des destinataires et des expéditeurs de messages électroniques commerciaux, les noms des destinataires et des expéditeurs de messages électroniques commerciaux, des adresses IP, des URL, des métadonnées de maliciels et tout autre renseignement personnel que les plaignants choisissent de fournir dans leur plainte.",Members of the public who provide Complaints and Complaint-Linked Reports to the Spam Reporting Centre; Individuals or legal persons identified in the aforementioned Complaints and Complaint-Linked Reports with respect to a potential violation under CASL and/or related provisions under the *Competition Act* and PIPEDA.,"Membres du public qui déposent des plaintes et des rapports liés aux plaintes auprès du Centre de notification des pourriels, les particuliers et personnes morales identifiées dans ces plaintes et ces rapports liés aux plaintes concernant une violation possible de la LCAP ou de dispositions connexes de la *Loi sur la concurrence* ou de la LPRPDE.",,,,,"The information collected and stored by the SRC has two main purposes. First, this raw information may be accessed, copied and used by the Enforcement Agencies to perform their own analyses. These Enforcement Agencies are: the CRTC, the Competition Bureau and the Office of the Privacy Commissioner (OPC). Second, the SRC will use this raw information to generate and provide aggregated and anonymized monthly statistics and quarterly trend reports to Industry Canada and the Enforcement Agencies. Under section 62 of CASL the CRTC is responsible for the administration of sections 6 to 46 of the Act as of July 1, 2014, prior to which collection authority is granted by Appropriations Act no. 3, 2012-13, s.2.","Le Centre de notification des pourriels recueille et conserve des renseignements à deux fins. Premièrement, les organismes d'application de la loi (le CRTC, le Bureau de la concurrence et le Commissariat à la protection de la vie privée) peuvent accéder aux données brutes, les copier et les utiliser pour effectuer leurs propres analyses. Deuxièmement, le CNP utilise ces données brutes pour générer et fournir des statistiques mensuelles regroupées et anonymes et des rapports trimestriels sur les tendances à l'intention d'Industrie Canada et des organismes d'application de la loi. En vertu de l'article 62 de la LCAP, le CRTC est responsable depuis le 1er juillet 2014 de l'administration des articles 6 à 46 de la Loi. Avant cette date, le pouvoir de collecte était accordé par l'article 2 de la *Loi sur le crédit no 3 pour 2012-2013*.","The SRC may use and disclose the PI as described above, and according to details provided at the Public Facing Website, where members of the public give consent to the use and disclosure of the PI that they provide. Such consent is consistent with the enforcement of CASL by the Enforcement Agencies, who can share information with each other and with foreign agencies, pursuant to sections 58 and 60 of CASL, respectively. These Enforcement Agencies are: the CRTC, the Competition Bureau (refer to to IC PPU 034 Complaints Submitted to the Competition Bureau) and the Office of the OPC (refer to OPC PPU 005 Privacy Complaints and Investigations. The information collected may also be used for internal functions supporting the two main purposes of the SRC, for example to conduct program evaluation, to conduct audits to identify and address systemic privacy issues, and to train staff. **Retentions and Disposal Standards:** Complaints and Complaint-Linked Reports remain in the SRC for up to 3 years if not otherwise flagged for an investigative file by an Enforcement Agency. If flagged for an investigative file, a Complaint or a Report remains in the SRC for up to 10 years. Exceptions may be made, on a case-by-case basis, if such information is required for evidentiary purposes in anticipation of legal proceedings. SRC staff will destroy of SRC information at the end of the appropriate retention period, as described above.","Le Centre de notification des pourriels peut utiliser le fichier de renseignements personnels de la manière susmentionnée et, conformément aux renseignements disponibles sur le site Web grand public, où les membres du public consentent à l'utilisation et à la divulgation des renseignements personnels qu'ils fournissent. Ce consentement est conforme à l'exécution de la LCAP par les organismes d'application de la loi, qui peuvent échanger des renseignements, entre eux et avec des organismes étrangers, en vertu des articles 58 et 60, respectivement, de la LCAP. Les organismes d'application de la loi sont le CRTC, le Bureau de la concurrence (voir IC PPU 034 – Plaintes déposées au Bureau de la concurrence) et le Commissariat à la protection de la vie privée (voir CPVP PPU 005 – Plaintes et enquêtes concernant la vie privée). Les renseignements collectés peuvent aussi utilisées pour des fonctions internes en appui aux deux principaux objectifs du CNP, par exemple, pour évaluer des programmas, pour effectuer des vérifications afin de détecter et de corriger des problèmes systémiques en matière de protection de la vie privée et pour former le personnel.",,"Le CNP conserve les plaintes et les rapports liés à des plaintes pour au plus trois ans s'ils ne sont pas associés à un dossier d'enquête par un organisme d'application de la loi. Une plainte ou un rapport associé à un dossier d'enquête peut être conservé 10 ans. Des exceptions peuvent s'appliquer, au cas par cas, pour les renseignements requis comme éléments de preuve pour des procédures judiciaires éventuelles. Le personnel du CNP détruit les renseignements à la fin de période de conservation appropriée, tel qu'il est indiqué ci-dessus.",2002 / 002,2002 / 002,CRTC CCM 100,CRTC CCM 100,,,20140088,20140088
