legal_name_en,tbs_due_name_en,tbs_due_name_fr,central_list_name_en,central_list_name_fr,reporting_entity_en,reporting_entity_fr,annual_due_date_override,infosource_url_en_override,infosource_url_fr_override,pibs_url_en_override,pibs_url_fr_override,classes_url_en_override,classes_url_fr_override,url_evidence_en_override,url_evidence_fr_override,notes
Department for Women and Gender Equality,,,Women and Gender Equality,Femmes et de l’Ĕgalité des genres,,,,,,,,,,,,Current legal and public-facing names differ.
Department of Western Economic Diversification,,,,,Prairies Economic Development Canada,Développement économique Canada pour les Prairies,,https://www.canada.ca/en/prairies-economic-development/corporate/transparency/information-holdings.html,https://www.canada.ca/fr/developpement-economique-prairies/organisation/transparence/fonds-renseignements.html,,,,,https://www.canada.ca/en/prairies-economic-development/corporate/transparency/information-holdings.html,https://www.canada.ca/fr/developpement-economique-prairies/organisation/transparence/fonds-renseignements.html,The current successor institution publishes the report under PrairiesCan.
Department of Crown-Indigenous Relations and Northern Affairs,,,Crown Indigenous and Northern Affairs Canada,,,,,,,,,,,,,Current legal and public-facing names differ.
"Department of Housing, Infrastructure and Communities",Infrastructure Canada,Infrastructure Canada,Infrastructure Canada,Infrastructure Canada,,,,,,,,,,,,TBS source still uses the former public-facing name.
Canada Employment Insurance Commission,Employment and Social Development Canada,Emploi et Développement social Canada,,,Employment and Social Development Canada,Emploi et Développement social Canada,06-30,https://www.canada.ca/en/employment-social-development/corporate/transparency/access-information/reports/infosource.html,https://www.canada.ca/fr/emploi-developpement-social/ministere/transparence/aai/rapports/infosource.html,,,,,https://www.canada.ca/en/employment-social-development/corporate/transparency/access-information/reports/infosource.html,https://www.canada.ca/fr/emploi-developpement-social/ministere/transparence/aai/rapports/infosource.html,Info Source reporting is consolidated with Employment and Social Development Canada.
Canadian Energy Regulator,,,,,,,,https://www.cer-rec.gc.ca/en/about/open-government/transparency/completed-access-information-requests/info-source.html,https://www.cer-rec.gc.ca/fr/regie/gouvernement-ouvert/transparence/demandes-acces-information-completees/info-source.html,,,,,https://www.cer-rec.gc.ca/en/about/open-government/transparency/completed-access-information-requests/info-source.html,https://www.cer-rec.gc.ca/fr/regie/gouvernement-ouvert/transparence/demandes-acces-information-completees/info-source.html,Bilingual current reports verified through web search.
Canadian Forces,National Defence,Défense nationale,,,National Defence,Défense nationale,06-30,https://www.canada.ca/en/department-national-defence/corporate/transparency/access-information-privacy/info-source-sources-of-federal-government-and-employee-information.html,https://www.canada.ca/fr/ministere-defense-nationale/organisation/transparence/acces-information-protection-renseignements-personnels/info-source-sources-de-renseignements-du-gouvernement-federal-et-sur-les-fonctionnaires-federaux.html,,,,,https://www.canada.ca/en/department-national-defence/corporate/transparency/access-information-privacy/info-source-sources-of-federal-government-and-employee-information.html,https://www.canada.ca/fr/ministere-defense-nationale/organisation/transparence/acces-information-protection-renseignements-personnels/info-source-sources-de-renseignements-du-gouvernement-federal-et-sur-les-fonctionnaires-federaux.html,Info Source reporting is consolidated with National Defence.
College of Patent Agents and Trademark Agents,College of Patent and Trademark Agents,,College of Patent Agents and Trademark Agents,Collège des agents de brevets et des agents de marques de commerce,,,,https://cpata-cabamc.ca/en/about-us/info-source/,https://cpata-cabamc.ca/fr/a-propos-de-nous/info-source/,,,,,https://cpata-cabamc.ca/en/about-us/info-source/,https://cpata-cabamc.ca/fr/a-propos-de-nous/info-source/,Institution website result verified through web search.
Federal Public Service Health Care Plan Administration Authority,,,,Administration du Régime de soins de santé de la fonction publique fédérale,,,,,,,,,,,,French source contains a spacing error in the Act XML.
Hamilton-Oshawa Port Authority,,,Hamilton-Oshawa Port Authority,Administration portuaire de Hamilton-Oshawa,,,,,,,,,,,,Use the current combined entity name and do not reuse a legacy Hamilton-only or Oshawa-only row.
Invest in Canada Hub,,,,,,,,https://www.investcanada.ca/transparency/info-source-chapter-invest-canada,,,,,,https://www.investcanada.ca/transparency/info-source-chapter-invest-canada,,English institution website result verified through web search; no French report was found.
Library and Archives of Canada,,,,,,,,https://www.canada.ca/en/library-archives/services/public/access-information-privacy/infosource.html,https://www.canada.ca/fr/bibliotheque-archives/services/public/acces-information-renseignements-personnels/infosource.html,https://www.canada.ca/en/library-archives/services/public/access-information-privacy/infosource/institution-specific-personal-information-banks.html,https://www.canada.ca/fr/bibliotheque-archives/services/public/acces-information-renseignements-personnels/infosource/categories-documents-renseignements-institution.html,https://www.canada.ca/en/library-archives/services/public/access-information-privacy/infosource/institution-specific-personal-information-banks.html,https://www.canada.ca/fr/bibliotheque-archives/services/public/acces-information-renseignements-personnels/infosource/categories-documents-renseignements-institution.html,https://www.canada.ca/en/library-archives/services/public/access-information-privacy/infosource.html,https://www.canada.ca/fr/bibliotheque-archives/services/public/acces-information-renseignements-personnels/infosource.html,The detailed bilingual pages combine institution-specific Classes of Records and PIBs.
National Film Board,,,National Film Board of Canada,Office national du film du Canada,,,,,,,,,,,,Public-facing name includes Canada.
National Security and Intelligence Review Agency Secretariat,National Security and Intelligence Review Agency,Office de surveillance des activités en matière de sécurité nationale et de renseignement,National Security Intelligence Review Agency,,National Security and Intelligence Review Agency,Office de surveillance des activités en matière de sécurité nationale et de renseignement,,https://nsira-ossnr.gc.ca/en/secretariat/access-to-information-and-privacy/info-source/,https://nsira-ossnr.gc.ca/fr/secretariat/acces-a-l-information-et-a-la-protection-des-renseignements-personnels/info-source/,,,,,https://nsira-ossnr.gc.ca/en/secretariat/access-to-information-and-privacy/info-source/,https://nsira-ossnr.gc.ca/fr/secretariat/acces-a-l-information-et-a-la-protection-des-renseignements-personnels/info-source/,TBS uses the agency name while the Act lists its secretariat; current bilingual pages verified through web search.
Office of the Administrator of the Fund for Railway Accidents Involving Designated Goods,Ship and Rail Compensation Canada,Indemnisation navire et rail Canada,,,Ship and Rail Compensation Canada,Indemnisation navire et rail Canada,12-31,https://ship-rail.gc.ca/corporate/info-source,https://navire-rail.gc.ca/organisation/source-information,,,,,https://ship-rail.gc.ca/corporate/info-source,https://navire-rail.gc.ca/organisation/source-information,TBS assigns the combined reporting entity Ship and Rail Compensation Canada.
Office of the Administrator of the Ship-source Oil Pollution Fund,Ship and Rail Compensation Canada,Indemnisation navire et rail Canada,,,Ship and Rail Compensation Canada,Indemnisation navire et rail Canada,12-31,https://ship-rail.gc.ca/corporate/info-source,https://navire-rail.gc.ca/organisation/source-information,,,,,https://ship-rail.gc.ca/corporate/info-source,https://navire-rail.gc.ca/organisation/source-information,TBS assigns the combined reporting entity Ship and Rail Compensation Canada.
Office of the Correctional Investigator of Canada,,,Office of the Correctional Investigator,,Office of the Correctional Investigator,Bureau de l’enquêteur correctionnel,,https://oci-bec.gc.ca/en/content/transparency/info-source,https://oci-bec.gc.ca/fr/content/transparence/info-source,,,,,https://oci-bec.gc.ca/en/content/transparency/info-source,https://oci-bec.gc.ca/fr/content/transparence/info-source,Public-facing name omits of Canada; bilingual current routes verified through web search.
Office of the Intelligence Commissioner,,,,,,,,https://www.canada.ca/content/dam/oic-bcr/info-source/2025%20-%20Info%20Source%20-%20Sources%20of%20Federal%20Government%20and%20Employee%20Information.pdf,https://www.canada.ca/content/dam/oic-bcr/info-source/2025%20-%20Info%20Source%20-%20Sources%20de%20renseignements%20du%20gouvernement%20f%C3%A9d%C3%A9ral%20et%20sur%20les%20fonctionnaires%20f%C3%A9d%C3%A9raux.pdf,,,,,https://www.canada.ca/content/dam/oic-bcr/info-source/2025%20-%20Info%20Source%20-%20Sources%20of%20Federal%20Government%20and%20Employee%20Information.pdf,https://www.canada.ca/content/dam/oic-bcr/info-source/2025%20-%20Info%20Source%20-%20Sources%20de%20renseignements%20du%20gouvernement%20f%C3%A9d%C3%A9ral%20et%20sur%20les%20fonctionnaires%20f%C3%A9d%C3%A9raux.pdf,Bilingual 2025 reports verified through web search.
Office of the Information Commissioner,,,Office of the Information Commissioner of Canada,Commissariat à l’information du Canada,,,,,,,,,,,,Public-facing name includes Canada.
Prince Rupert Port Authority,,,,,,,,https://www.rupertport.com/infosource/,https://www.rupertport.com/fr/linfosource/,,,,,https://www.rupertport.com/infosource/,https://www.rupertport.com/fr/linfosource/,Bilingual institution website results verified through web search.
Royal Canadian Mounted Police External Review Committee,,,,,,,,,,,,,,,,TBS English due-date source contains Mountain instead of Mounted.
Secretariat of the National Security and Intelligence Committee of Parliamentarians,,,,,,,,https://www.canada.ca/en/secretariat-national-security-intelligence-committee-parliamentarians/corporate/transparency/info-source/2025.html,https://www.canada.ca/fr/secretariat-comite-parlementaires-securite-nationale-renseignement/organisation/transparence/info-source/2025.html,,,,,https://www.canada.ca/en/secretariat-national-security-intelligence-committee-parliamentarians/corporate/transparency/info-source/2025.html,https://www.canada.ca/fr/secretariat-comite-parlementaires-securite-nationale-renseignement/organisation/transparence/info-source/2025.html,Bilingual 2025 pages verified through web search.
Social Sciences and Humanities Research Council,,,Social Sciences and Humanities Research Council of Canada,Conseil de recherches en science humaines,,,,,,,,,,,,Public-facing name includes Canada; French central-list source contains a grammatical error.
Vancouver Fraser Port Authority,,,Port of Vancouver,Port de Vancouver,,,,https://www.portvancouver.com/transparency/info-source/,https://view.officeapps.live.com/op/view.aspx?src=https%3A%2F%2Fwww.portvancouver.com%2Fwp-content%2Fuploads%2F2015%2F07%2F2017-Sources-de-renseignements-du-gouvernement-f%25C3%25A9d%25C3%A9ral.docx&wdOrigin=BROWSELINK,,,,,https://www.canada.ca/en/treasury-board-secretariat/services/access-information-privacy/access-information/info-source/list-institutions.html,https://www.canada.ca/fr/secretariat-conseil-tresor/services/acces-information-protection-reseignements-personnels/acces-information/info-source/liste-organisations.html,TBS central list uses Port of Vancouver.
