institution_id,gc_orgID,institution_name_en,institution_name_fr,collectable,collection_completed,pibs_en_status,pibs_fr_status,classes_of_records_en_status,classes_of_records_fr_status,source_error_count,pibs_english,pibs_french,pibs_merged,classes_of_records_english,classes_of_records_french,classes_of_records_merged
ati-schedule-i-department-for-women-and-gender-equality,2241,Department for Women and Gender Equality,Ministère des Femmes et de l’Égalité des genres,true,true,collected,collected,collected,collected,0,0,0,0,0,0,0
ati-schedule-i-department-of-agriculture-and-agri-food,2222,Department of Agriculture and Agri-Food,Ministère de l’Agriculture et de l’Agroalimentaire,true,true,collected,collected,collected,collected,0,0,0,0,0,0,0
ati-schedule-i-department-of-canadian-heritage,2223,Department of Canadian Heritage,Ministère du Patrimoine canadien,true,true,collected,collected,collected,collected,0,7,7,7,63,63,63
ati-schedule-i-department-of-citizenship-and-immigration,2224,Department of Citizenship and Immigration,Ministère de la Citoyenneté et de l’Immigration,true,true,collected,collected,collected,collected,0,22,20,22,15,0,15
ati-schedule-i-department-of-crown-indigenous-relations-and-northern-affairs,2230,Department of Crown-Indigenous Relations and Northern Affairs,Ministère des Relations Couronne-Autochtones et des Affaires du Nord,true,true,collected,collected,collected,collected,0,15,14,16,49,47,49
ati-schedule-i-department-of-employment-and-social-development,2229,Department of Employment and Social Development,Ministère de l’Emploi et du Développement social,true,true,collected,collected,collected,collected,0,66,66,66,82,80,86
ati-schedule-i-department-of-the-environment,2237,Department of the Environment,Ministère de l’Environnement,true,true,collected,collected,collected,collected,0,16,16,16,8,8,8
ati-schedule-i-department-of-finance,2225,Department of Finance,Ministère des Finances,true,true,collected,collected,collected,collected,0,3,3,3,110,118,118
ati-schedule-i-department-of-fisheries-and-oceans,2226,Department of Fisheries and Oceans,Ministère des Pêches et des Océans,true,true,collected,collected,collected,collected,0,45,44,45,37,37,37
ati-schedule-i-department-of-foreign-affairs-trade-and-development,2227,"Department of Foreign Affairs, Trade and Development","Ministère des Affaires étrangères, du Commerce et du Développement",true,true,collected,collected,collected,collected,0,16,3,19,119,134,134
ati-schedule-i-department-of-health,2228,Department of Health,Ministère de la Santé,true,true,collected,collected,collected,collected,0,61,61,61,50,50,50
ati-schedule-i-department-of-housing-infrastructure-and-communities,2269,"Department of Housing, Infrastructure and Communities","Ministère du Logement, de l’Infrastructure et des Collectivités",true,true,error,error,error,error,4,0,0,0,0,0,0
ati-schedule-i-department-of-indigenous-services,2243,Department of Indigenous Services,Ministère des Services aux Autochtones,true,true,collected,collected,collected,collected,0,33,33,33,62,62,62
ati-schedule-i-department-of-industry,2231,Department of Industry,Ministère de l’Industrie,true,true,collected,collected,collected,collected,0,22,0,22,0,0,0
ati-schedule-i-department-of-justice,2232,Department of Justice,Ministère de la Justice,true,true,collected,collected,collected,collected,0,13,13,13,32,31,32
ati-schedule-i-department-of-national-defence,2233,Department of National Defence,Ministère de la Défense nationale,true,true,collected,collected,collected,collected,0,93,86,94,145,144,147
ati-schedule-i-department-of-natural-resources,2234,Department of Natural Resources,Ministère des Ressources naturelles,true,true,collected,collected,collected,collected,0,0,0,0,0,0,0
ati-schedule-i-department-of-public-safety-and-emergency-preparedness,2235,Department of Public Safety and Emergency Preparedness,Ministère de la Sécurité publique et de la Protection civile,true,true,collected,collected,collected,collected,0,8,10,10,1,0,1
ati-schedule-i-department-of-public-works-and-government-services,2236,Department of Public Works and Government Services,Ministère des Travaux publics et des Services gouvernementaux,true,true,error,error,error,error,4,0,0,0,0,0,0
ati-schedule-i-department-of-transport,2238,Department of Transport,Ministère des Transports,true,true,collected,collected,collected,collected,0,27,25,27,1,1,1
ati-schedule-i-department-of-veterans-affairs,2239,Department of Veterans Affairs,Ministère des Anciens Combattants,true,true,collected,collected,collected,collected,0,4,1,5,33,0,33
ati-schedule-i-department-of-western-economic-diversification,2240,Department of Western Economic Diversification,Ministère de la Diversification de l’économie de l’Ouest canadien,true,true,collected,collected,collected,collected,0,0,0,0,0,0,0
ati-schedule-i-administrative-tribunals-support-service-of-canada,2297,Administrative Tribunals Support Service of Canada,Service canadien d’appui aux tribunaux administratifs,true,true,collected,collected,collected,collected,0,0,0,0,12,12,12
ati-schedule-i-asia-pacific-foundation-of-canada,3437,Asia-Pacific Foundation of Canada,Fondation Asie-Pacifique du Canada,true,true,collected,collected,collected,collected,0,0,0,0,7,7,7
ati-schedule-i-atlantic-canada-opportunities-agency,2244,Atlantic Canada Opportunities Agency,Agence de promotion économique du Canada atlantique,true,true,collected,collected,collected,collected,0,6,0,6,11,18,18
ati-schedule-i-belledune-port-authority,3439,Belledune Port Authority,Administration portuaire de Belledune,true,true,error,error,error,error,4,0,0,0,0,0,0
ati-schedule-i-british-columbia-treaty-commission,,British Columbia Treaty Commission,Commission des traités de la Colombie-Britannique,true,true,error,error,error,error,4,0,0,0,0,0,0
ati-schedule-i-canada-border-services-agency,2300,Canada Border Services Agency,Agence des services frontaliers du Canada,true,true,collected,collected,collected,collected,0,37,37,37,100,100,100
ati-schedule-i-canada-emission-reduction-incentives-agency,2301,Canada Emission Reduction Incentives Agency,Agence canadienne pour l’incitation à la réduction des émissions,false,false,not_applicable,not_applicable,not_applicable,not_applicable,0,,,0,,,0
ati-schedule-i-canada-employment-insurance-commission,2302,Canada Employment Insurance Commission,Commission de l’assurance-emploi du Canada,true,true,collected,collected,collected,collected,0,66,66,66,82,80,86
ati-schedule-i-canada-foundation-for-innovation,3443,Canada Foundation for Innovation,Fondation canadienne pour l’innovation,true,true,collected,collected,collected,collected,0,0,0,0,6,6,6
ati-schedule-i-canada-foundation-for-sustainable-development-technology,3444,Canada Foundation for Sustainable Development Technology,Fondation du Canada pour l’appui technologique au développement durable,true,true,error,missing_url,error,missing_url,2,0,0,0,0,0,0
ati-schedule-i-canada-newfoundland-and-labrador-offshore-energy-regulator,3448,Canada–Newfoundland and Labrador Offshore Energy Regulator,Régie Canada — Terre-Neuve-et-Labrador de l’énergie extracôtière,true,true,collected,missing_url,collected,missing_url,0,0,0,0,0,0,0
ati-schedule-i-canada-nova-scotia-offshore-energy-regulator,3449,Canada–Nova Scotia Offshore Energy Regulator,Régie Canada — Nouvelle-Écosse de l’énergie extracôtière,true,true,error,missing_url,error,missing_url,2,0,0,0,0,0,0
ati-schedule-i-canada-revenue-agency,2303,Canada Revenue Agency,Agence du revenu du Canada,true,true,collected,collected,collected,collected,0,0,3,3,53,53,54
ati-schedule-i-canada-school-of-public-service,2304,Canada School of Public Service,École de la fonction publique du Canada,true,true,collected,collected,collected,collected,0,0,0,0,0,0,0
ati-schedule-i-canada-water-agency,3703,Canada Water Agency,Agence canadienne de l’eau,false,false,not_applicable,not_applicable,not_applicable,not_applicable,0,,,0,,,0
ati-schedule-i-canadian-accessibility-standards-development-organization,2319,Canadian Accessibility Standards Development Organization,Organisation canadienne d’élaboration de normes d’accessibilité,true,true,collected,collected,collected,collected,0,0,0,0,0,0,0
ati-schedule-i-canadian-centre-for-occupational-health-and-safety,2305,Canadian Centre for Occupational Health and Safety,Centre canadien d’hygiène et de sécurité au travail,true,true,collected,collected,collected,collected,0,1,1,1,12,11,12
ati-schedule-i-canadian-energy-regulator,2312,Canadian Energy Regulator,Régie canadienne de l’énergie,true,true,collected,collected,collected,collected,0,3,1,3,0,0,0
ati-schedule-i-canadian-food-inspection-agency,2306,Canadian Food Inspection Agency,Agence canadienne d’inspection des aliments,true,true,collected,collected,collected,collected,0,5,5,5,61,61,61
ati-schedule-i-canadian-forces,,Canadian Forces,Forces canadiennes,true,true,collected,collected,collected,collected,0,93,86,94,145,144,147
ati-schedule-i-canadian-grain-commission,2246,Canadian Grain Commission,Commission canadienne des grains,true,true,collected,collected,collected,collected,0,2,2,2,6,6,6
ati-schedule-i-canadian-high-arctic-research-station,2318,Canadian High Arctic Research Station,Station canadienne de recherche dans l’Extrême-Arctique,true,true,collected,collected,collected,collected,0,0,0,0,0,0,0
ati-schedule-i-canadian-human-rights-commission,2247,Canadian Human Rights Commission,Commission canadienne des droits de la personne,true,true,error,error,error,error,4,0,0,0,0,0,0
ati-schedule-i-canadian-institutes-of-health-research,2307,Canadian Institutes of Health Research,Instituts de recherche en santé du Canada,true,true,error,error,error,error,4,0,0,0,0,0,0
ati-schedule-i-canadian-museum-for-human-rights,3620,Canadian Museum for Human Rights,Musée canadien des droits de la personne,true,true,collected,collected,collected,collected,0,0,0,0,0,0,0
ati-schedule-i-canadian-museum-of-immigration-at-pier-21,3622,Canadian Museum of Immigration at Pier 21,Musée canadien de l’immigration du Quai 21,true,true,collected,collected,collected,collected,0,0,0,0,9,9,9
ati-schedule-i-canadian-northern-economic-development-agency,2249,Canadian Northern Economic Development Agency,Agence canadienne de développement économique du Nord,true,true,collected,collected,collected,collected,0,0,0,0,0,0,0
ati-schedule-i-canadian-nuclear-safety-commission,2308,Canadian Nuclear Safety Commission,Commission canadienne de sûreté nucléaire,true,true,error,error,error,error,4,0,0,0,0,0,0
ati-schedule-i-canadian-radio-television-and-telecommunications-commission,2396,Canadian Radio-television and Telecommunications Commission,Conseil de la radiodiffusion et des télécommunications canadiennes,true,true,collected,collected,collected,collected,0,12,11,12,16,16,16
ati-schedule-i-canadian-security-intelligence-service,2250,Canadian Security Intelligence Service,Service canadien du renseignement de sécurité,true,true,collected,collected,collected,collected,0,15,15,15,5,5,5
ati-schedule-i-canadian-space-agency,2251,Canadian Space Agency,Agence spatiale canadienne,true,true,collected,collected,collected,collected,0,8,0,8,25,33,33
ati-schedule-i-canadian-transportation-accident-investigation-and-safety-board,2309,Canadian Transportation Accident Investigation and Safety Board,Bureau canadien d’enquête sur les accidents de transport et de la sécurité des transports,true,true,collected,collected,collected,collected,0,0,0,0,0,0,0
ati-schedule-i-canadian-transportation-agency,2252,Canadian Transportation Agency,Office des transports du Canada,true,true,collected,collected,collected,collected,0,5,5,5,8,8,8
ati-schedule-i-civilian-review-and-complaints-commission-for-the-royal-canadian-mounted-police,2290,Civilian Review and Complaints Commission for the Royal Canadian Mounted Police,Commission civile d’examen et de traitement des plaintes relatives à la Gendarmerie royale du Canada,true,true,error,error,error,error,4,0,0,0,0,0,0
ati-schedule-i-college-of-immigration-and-citizenship-consultants,,College of Immigration and Citizenship Consultants,Collège des consultants en immigration et en citoyenneté,false,false,not_applicable,not_applicable,not_applicable,not_applicable,0,,,0,,,0
ati-schedule-i-college-of-patent-agents-and-trademark-agents,,College of Patent Agents and Trademark Agents,Collège des agents de brevets et des agents de marques de commerce,true,true,collected,collected,collected,collected,0,1,1,1,0,0,0
ati-schedule-i-communications-security-establishment,2253,Communications Security Establishment,Centre de la sécurité des télécommunications,true,true,collected,collected,collected,collected,0,3,3,3,3,2,3
ati-schedule-i-copyright-board,2254,Copyright Board,Commission du droit d’auteur,true,true,collected,collected,collected,collected,0,0,0,0,0,0,0
ati-schedule-i-correctional-service-of-canada,2255,Correctional Service of Canada,Service correctionnel du Canada,true,true,collected,collected,collected,collected,0,25,25,26,19,19,19
ati-schedule-i-director-of-soldier-settlement,3422,Director of Soldier Settlement,Directeur de l’établissement de soldats,false,false,not_applicable,not_applicable,not_applicable,not_applicable,0,,,0,,,0
ati-schedule-i-the-director-the-veterans-land-act,3423,"The Director, The Veterans’ Land Act",Directeur des terres destinées aux anciens combattants,false,false,not_applicable,not_applicable,not_applicable,not_applicable,0,,,0,,,0
ati-schedule-i-economic-development-agency-of-canada-for-the-regions-of-quebec,2257,Economic Development Agency of Canada for the Regions of Quebec,Agence de développement économique du Canada pour les régions du Québec,true,true,collected,collected,collected,collected,0,1,0,1,7,7,7
ati-schedule-i-energy-supplies-allocation-board,3424,Energy Supplies Allocation Board,Office de répartition des approvisionnements d’énergie,false,false,not_applicable,not_applicable,not_applicable,not_applicable,0,,,0,,,0
ati-schedule-i-federal-economic-development-agency-for-northern-ontario,2299,Federal Economic Development Agency for Northern Ontario,Agence fédérale de développement économique pour le Nord de l’Ontario,true,true,collected,collected,collected,collected,0,1,1,1,3,3,3
ati-schedule-i-federal-economic-development-agency-for-southern-ontario,2258,Federal Economic Development Agency for Southern Ontario,Agence fédérale de développement économique pour le Sud de l’Ontario,true,true,error,error,error,error,4,0,0,0,0,0,0
ati-schedule-i-federal-public-service-health-care-plan-administration-authority,,Federal Public Service Health Care Plan Administration Authority,Administration du Régime de soins de santé de la fonction publiquefédérale,true,true,collected,collected,collected,collected,0,0,0,0,0,0,0
ati-schedule-i-financial-consumer-agency-of-canada,2259,Financial Consumer Agency of Canada,Agence de la consommation en matière financière du Canada,true,true,error,error,error,error,4,0,0,0,0,0,0
ati-schedule-i-financial-transactions-and-reports-analysis-centre-of-canada,2260,Financial Transactions and Reports Analysis Centre of Canada,Centre d’analyse des opérations et déclarations financières du Canada,true,true,error,error,error,error,4,0,0,0,0,0,0
ati-schedule-i-first-nations-financial-management-board,3524,First Nations Financial Management Board,Conseil de gestion financière des premières nations,true,true,error,error,error,error,4,0,0,0,0,0,0
ati-schedule-i-first-nations-infrastructure-institute,,First Nations Infrastructure Institute,Institut des infrastructures des premières nations,false,false,not_applicable,not_applicable,not_applicable,not_applicable,0,,,0,,,0
ati-schedule-i-first-nations-tax-commission,3525,First Nations Tax Commission,Commission de la fiscalité des premières nations,true,true,error,error,error,error,4,0,0,0,0,0,0
ati-schedule-i-gwich-in-land-and-water-board,,Gwich’in Land and Water Board,Office gwich’in des terres et des eaux,true,true,collected,collected,collected,collected,0,0,0,0,0,1,1
ati-schedule-i-gwich-in-land-use-planning-board,,Gwich’in Land Use Planning Board,Office gwich’in d’aménagement territorial,true,true,missing_url,collected,missing_url,collected,0,0,0,0,0,0,0
ati-schedule-i-halifax-port-authority,3468,Halifax Port Authority,Administration portuaire de Halifax,true,true,error,error,error,error,4,0,0,0,0,0,0
ati-schedule-i-hamilton-oshawa-port-authority,3469,Hamilton-Oshawa Port Authority,Administration portuaire Hamilton-Oshawa,false,false,not_applicable,not_applicable,not_applicable,not_applicable,0,,,0,,,0
ati-schedule-i-historic-sites-and-monuments-board-of-canada,3572,Historic Sites and Monuments Board of Canada,Commission des lieux et monuments historiques du Canada,true,true,collected,collected,collected,collected,0,0,0,0,0,1,1
ati-schedule-i-immigration-and-refugee-board,2261,Immigration and Refugee Board,Commission de l’immigration et du statut de réfugié,true,true,collected,collected,collected,collected,0,7,7,7,11,11,11
ati-schedule-i-impact-assessment-agency-of-canada,2245,Impact Assessment Agency of Canada,Agence canadienne d’évaluation d’impact,true,true,collected,collected,collected,collected,0,0,0,0,1,1,1
ati-schedule-i-invest-in-canada-hub,2317,Invest in Canada Hub,Investir au Canada,true,true,error,missing_url,error,missing_url,2,0,0,0,0,0,0
ati-schedule-i-law-commission-of-canada,2310,Law Commission of Canada,Commission du droit du Canada,false,false,not_applicable,not_applicable,not_applicable,not_applicable,0,,,0,,,0
ati-schedule-i-library-and-archives-of-canada,2262,Library and Archives of Canada,Bibliothèque et Archives du Canada,true,true,collected,collected,collected,collected,0,23,23,23,33,33,33
ati-schedule-i-mackenzie-valley-environmental-impact-review-board,,Mackenzie Valley Environmental Impact Review Board,Office d’examen des répercussions environnementales de la vallée du Mackenzie,true,true,collected,error,collected,error,2,0,0,0,0,0,0
ati-schedule-i-mackenzie-valley-land-and-water-board,,Mackenzie Valley Land and Water Board,Office des terres et des eaux de la vallée du Mackenzie,true,true,collected,collected,collected,collected,0,0,0,0,0,1,1
ati-schedule-i-military-grievances-external-review-committee,2263,Military Grievances External Review Committee,Comité externe d’examen des griefs militaires,true,true,collected,collected,collected,collected,0,1,1,1,1,1,1
ati-schedule-i-military-police-complaints-commission,2264,Military Police Complaints Commission,Commission d’examen des plaintes concernant la police militaire,true,true,error,error,error,error,4,0,0,0,0,0,0
ati-schedule-i-miscarriage-of-justice-review-commission,3706,Miscarriage of Justice Review Commission,Commission d’examen des erreurs du système judiciaire,false,false,not_applicable,not_applicable,not_applicable,not_applicable,0,,,0,,,0
ati-schedule-i-montreal-port-authority,3477,Montreal Port Authority,Administration portuaire de Montréal,true,true,collected,error,collected,error,2,4,0,4,15,0,15
ati-schedule-i-nanaimo-port-authority,3478,Nanaimo Port Authority,Administration portuaire de Nanaïmo,true,true,error,error,error,error,4,0,0,0,0,0,0
ati-schedule-i-the-national-battlefields-commission,2311,The National Battlefields Commission,Commission des champs de bataille nationaux,true,true,collected,collected,collected,collected,0,2,0,2,5,0,5
ati-schedule-i-national-farm-products-council,2265,National Farm Products Council,Conseil national des produits agricoles,true,true,error,error,error,error,4,0,0,0,0,0,0
ati-schedule-i-national-film-board,2266,National Film Board,Office national du film,true,true,error,error,error,error,4,0,0,0,0,0,0
ati-schedule-i-national-research-council-of-canada,2313,National Research Council of Canada,Conseil national de recherches du Canada,true,true,collected,collected,collected,collected,0,6,7,7,86,84,88
ati-schedule-i-natural-sciences-and-engineering-research-council,2314,Natural Sciences and Engineering Research Council,Conseil de recherches en sciences naturelles et en génie,true,true,collected,collected,collected,collected,0,2,2,2,1,1,1
ati-schedule-i-national-security-and-intelligence-review-agency-secretariat,2291,National Security and Intelligence Review Agency Secretariat,Secrétariat de l’Office de surveillance des activités en matière de sécurité nationale et de renseignement,true,true,collected,collected,collected,collected,0,0,0,0,0,0,0
ati-schedule-i-northern-pipeline-agency,2268,Northern Pipeline Agency,Administration du pipe-line du Nord,true,true,error,error,error,error,4,0,0,0,0,0,0
ati-schedule-i-nunavut-impact-review-board,,Nunavut Impact Review Board,Commission du Nunavut chargée de l’examen des répercussions,false,false,not_applicable,not_applicable,not_applicable,not_applicable,0,,,0,,,0
ati-schedule-i-nunavut-planning-commission,,Nunavut Planning Commission,Commission d’aménagement du Nunavut,false,false,not_applicable,not_applicable,not_applicable,not_applicable,0,,,0,,,0
ati-schedule-i-nunavut-surface-rights-tribunal,,Nunavut Surface Rights Tribunal,Tribunal des droits de surface du Nunavut,false,false,not_applicable,not_applicable,not_applicable,not_applicable,0,,,0,,,0
ati-schedule-i-nunavut-water-board,,Nunavut Water Board,Office des eaux du Nunavut,true,true,collected,collected,collected,collected,0,0,0,0,1,0,1
ati-schedule-i-office-of-the-administrator-of-the-fund-for-railway-accidents-involving-designated-goods,,Office of the Administrator of the Fund for Railway Accidents Involving Designated Goods,Bureau de l’administrateur de la Caisse d’indemnisation pour les accidents ferroviaires impliquant des marchandises désignées,true,true,collected,collected,collected,collected,0,1,1,1,11,10,14
ati-schedule-i-office-of-the-administrator-of-the-ship-source-oil-pollution-fund,3613,Office of the Administrator of the Ship-source Oil Pollution Fund,Bureau de l’administrateur de la Caisse d’indemnisation des dommages dus à la pollution par les hydrocarbures causée par les navires,true,true,collected,collected,collected,collected,0,1,1,1,11,10,14
ati-schedule-i-office-of-the-auditor-general-of-canada,2270,Office of the Auditor General of Canada,Bureau du vérificateur général du Canada,true,true,collected,collected,collected,collected,0,0,0,0,0,0,0
ati-schedule-i-office-of-the-chief-electoral-officer,2271,Office of the Chief Electoral Officer,Bureau du directeur général des élections,true,true,collected,collected,collected,collected,0,0,0,0,0,0,0
ati-schedule-i-office-of-the-commissioner-of-lobbying,2273,Office of the Commissioner of Lobbying,Commissariat au lobbying,true,true,error,error,error,error,4,0,0,0,0,0,0
ati-schedule-i-office-of-the-commissioner-of-official-languages,2274,Office of the Commissioner of Official Languages,Commissariat aux langues officielles,true,true,error,error,error,error,4,0,0,0,0,0,0
ati-schedule-i-office-of-the-correctional-investigator-of-canada,2276,Office of the Correctional Investigator of Canada,Bureau de l’enquêteur correctionnel du Canada,true,true,collected,collected,collected,collected,0,2,2,2,6,6,6
ati-schedule-i-office-of-the-director-of-public-prosecutions,2277,Office of the Director of Public Prosecutions,Bureau du directeur des poursuites pénales,true,true,error,collected,error,collected,2,0,2,2,0,13,13
ati-schedule-i-office-of-the-information-commissioner,2281,Office of the Information Commissioner,Commissariat à l’information,true,true,collected,collected,collected,collected,0,1,1,1,2,2,2
ati-schedule-i-office-of-the-intelligence-commissioner,2275,Office of the Intelligence Commissioner,Bureau du commissaire au renseignement,true,true,collected,collected,collected,collected,0,0,0,0,1,1,1
ati-schedule-i-office-of-the-privacy-commissioner,2282,Office of the Privacy Commissioner,Commissariat à la protection de la vie privée,true,true,collected,collected,collected,collected,0,6,0,6,11,0,11
ati-schedule-i-office-of-the-public-sector-integrity-commissioner,2279,Office of the Public Sector Integrity Commissioner,Commissariat à l’intégrité du secteur public,true,true,collected,collected,collected,collected,0,2,2,2,5,5,5
ati-schedule-i-office-of-the-superintendent-of-financial-institutions,2280,Office of the Superintendent of Financial Institutions,Bureau du surintendant des institutions financières,true,true,collected,collected,collected,collected,0,3,2,3,11,11,11
ati-schedule-i-pacific-economic-development-agency-of-canada,2298,Pacific Economic Development Agency of Canada,Agence de développement économique du Pacifique Canada,true,true,collected,collected,collected,collected,0,1,0,1,1,0,1
ati-schedule-i-parks-canada-agency,2315,Parks Canada Agency,Agence Parcs Canada,true,true,collected,collected,collected,collected,0,0,0,0,0,0,0
ati-schedule-i-parole-board-of-canada,2267,Parole Board of Canada,Commission des libérations conditionnelles du Canada,true,true,collected,collected,collected,collected,0,3,3,3,7,0,7
ati-schedule-i-patented-medicine-prices-review-board,2283,Patented Medicine Prices Review Board,Conseil d’examen du prix des médicaments brevetés,true,true,collected,collected,collected,collected,0,0,0,0,3,3,3
ati-schedule-i-the-pierre-elliott-trudeau-foundation,3484,The Pierre Elliott Trudeau Foundation,La Fondation Pierre-Elliott-Trudeau,true,true,error,error,error,error,4,0,0,0,0,0,0
ati-schedule-i-port-alberni-port-authority,3486,Port Alberni Port Authority,Administration portuaire de Port-Alberni,true,true,error,error,error,error,4,0,0,0,0,0,0
ati-schedule-i-prince-rupert-port-authority,3489,Prince Rupert Port Authority,Administration portuaire de Prince-Rupert,true,true,collected,collected,collected,collected,0,9,9,9,9,9,9
ati-schedule-i-privy-council-office,2284,Privy Council Office,Bureau du Conseil privé,true,true,collected,collected,collected,collected,0,5,0,5,42,0,42
ati-schedule-i-public-health-agency-of-canada,2285,Public Health Agency of Canada,Agence de la santé publique du Canada,true,true,collected,collected,collected,collected,0,21,20,21,4,1,4
ati-schedule-i-public-service-commission,2286,Public Service Commission,Commission de la fonction publique,true,true,collected,collected,collected,collected,0,21,22,22,8,8,8
ati-schedule-i-quebec-port-authority,3490,Quebec Port Authority,Administration portuaire de Québec,true,true,collected,error,collected,error,2,0,0,0,0,0,0
ati-schedule-i-regional-development-incentives-board,,Regional Development Incentives Board,Conseil des subventions au développement régional,false,false,not_applicable,not_applicable,not_applicable,not_applicable,0,,,0,,,0
ati-schedule-i-royal-canadian-mounted-police,2288,Royal Canadian Mounted Police,Gendarmerie royale du Canada,true,true,collected,collected,collected,collected,0,40,40,41,1,2,2
ati-schedule-i-royal-canadian-mounted-police-external-review-committee,2289,Royal Canadian Mounted Police External Review Committee,Comité externe d’examen de la Gendarmerie royale du Canada,true,true,collected,collected,collected,collected,0,5,5,5,8,8,8
ati-schedule-i-saguenay-port-authority,3493,Saguenay Port Authority,Administration portuaire du Saguenay,true,true,collected,collected,collected,collected,0,0,0,0,0,0,0
ati-schedule-i-sahtu-land-and-water-board,,Sahtu Land and Water Board,Office des terres et des eaux du Sahtu,true,true,error,collected,error,collected,2,0,0,0,0,1,1
ati-schedule-i-sahtu-land-use-planning-board,,Sahtu Land Use Planning Board,Office d’aménagement territorial du Sahtu,true,true,error,error,error,error,4,0,0,0,0,0,0
ati-schedule-i-saint-john-port-authority,3495,Saint John Port Authority,Administration portuaire de Saint-Jean,false,false,not_applicable,not_applicable,not_applicable,not_applicable,0,,,0,,,0
ati-schedule-i-secretariat-of-the-national-security-and-intelligence-committee-of-parliamentarians,2295,Secretariat of the National Security and Intelligence Committee of Parliamentarians,Secrétariat du Comité des parlementaires sur la sécurité nationale et le renseignement,true,true,collected,collected,collected,collected,0,0,0,0,0,1,1
ati-schedule-i-sept-iles-port-authority,3497,Sept-Îles Port Authority,Administration portuaire de Sept-Îles,true,true,collected,collected,collected,collected,0,0,3,3,21,0,21
ati-schedule-i-shared-services-canada,2292,Shared Services Canada,Services partagés Canada,true,true,collected,collected,collected,collected,0,5,5,5,26,26,26
ati-schedule-i-social-sciences-and-humanities-research-council,2316,Social Sciences and Humanities Research Council,Conseil de recherches en sciences humaines,true,true,error,error,error,error,4,0,0,0,0,0,0
ati-schedule-i-statistics-canada,2293,Statistics Canada,Statistique Canada,true,true,collected,collected,collected,collected,0,0,0,0,0,0,0
ati-schedule-i-statute-revision-commission,,Statute Revision Commission,Commission de révision des lois,false,false,not_applicable,not_applicable,not_applicable,not_applicable,0,,,0,,,0
ati-schedule-i-st-john-s-port-authority,3500,St. John’s Port Authority,Administration portuaire de St. John’s,true,true,collected,collected,collected,collected,0,9,0,9,10,0,10
ati-schedule-i-thunder-bay-port-authority,3504,Thunder Bay Port Authority,Administration portuaire de Thunder Bay,true,true,collected,collected,collected,collected,0,1,1,1,6,6,6
ati-schedule-i-toronto-port-authority,3506,Toronto Port Authority,Administration portuaire de Toronto,true,true,error,error,error,error,4,0,0,0,0,0,0
ati-schedule-i-treasury-board-secretariat,2242,Treasury Board Secretariat,Secrétariat du Conseil du Trésor,true,true,collected,collected,collected,collected,0,40,42,42,85,85,88
ati-schedule-i-trois-rivieres-port-authority,3507,Trois-Rivières Port Authority,Administration portuaire de Trois-Rivières,true,true,collected,collected,collected,collected,0,0,0,0,3,3,3
ati-schedule-i-vancouver-fraser-port-authority,3509,Vancouver Fraser Port Authority,Administration portuaire de Vancouver Fraser,true,true,error,collected,error,collected,2,0,0,0,0,0,0
ati-schedule-i-veterans-review-and-appeal-board,2294,Veterans Review and Appeal Board,Tribunal des anciens combattants (révision et appel),true,true,error,error,error,error,4,0,0,0,0,0,0
ati-schedule-i-windsor-port-authority,3514,Windsor Port Authority,Administration portuaire de Windsor,true,true,error,error,error,error,4,0,0,0,0,0,0
ati-schedule-i-yukon-environmental-and-socio-economic-assessment-board,,Yukon Environmental and Socio-economic Assessment Board,Office d’évaluation environnementale et socioéconomique du Yukon,true,true,error,error,error,error,4,0,0,0,0,0,0
ati-schedule-i-yukon-surface-rights-board,,Yukon Surface Rights Board,Office des droits de surface du Yukon,false,false,not_applicable,not_applicable,not_applicable,not_applicable,0,,,0,,,0
